8.6095,-9.40902,-9.51015,-9.85497,
17.8948,-9.51106,-9.65471,-9.86456,
25.6031,-9.64936,-9.80883,-9.87618,
33.156,-9.76409,-9.95957,-9.88605,
41.9973,-9.84906,-10.0687,-9.89074,
49.7265,-9.91962,-10.1811,-9.89637,
58.7185,-9.9971,-10.3251,-9.90507,
66.9703,-10.0631,-10.4893,-9.91824,
75.1268,-10.0981,-10.5981,-9.92846,
83.3594,-10.0978,-10.6821,-9.93434,
90.9899,-10.0777,-10.7811,-9.93983,
95.6208,-10.027,-10.8796,-9.94337,
101.563,-9.957,-10.9689,-9.94382,
108.132,-9.92407,-11.0022,-9.94368,
115.972,-9.83483,-11.0764,-9.9435,
124.215,-9.759,-11.1317,-9.94248,
131.971,-9.65576,-11.1931,-9.94113,
139.523,-9.54379,-11.247,-9.93882,
145.806,-9.43797,-11.2927,-9.93545,
152.592,-9.32514,-11.3313,-9.93194,
160.809,-9.2438,-11.3581,-9.93043,
168.519,-9.13032,-11.39,-9.92764,
176.382,-9.05655,-11.4106,-9.92754,
184.102,-8.92061,-11.4381,-9.92646,
192.114,-8.80966,-11.4557,-9.91905,
200.251,-8.70666,-11.4692,-9.91088,
206.187,-8.60662,-11.478,-9.90422,
214.002,-8.48158,-11.4872,-9.89878,
219.923,-8.40321,-11.4898,-9.89733,
227.263,-8.2672,-11.4905,-9.8956,
233.651,-8.14377,-11.485,-9.89535,
241.724,-8.04137,-11.4794,-9.89732,
246.855,-7.96146,-11.474,-9.90003,
253.016,-7.85536,-11.4616,-9.90373,
258.547,-7.73737,-11.4453,-9.90974,
264.1,-7.64749,-11.4281,-9.91439,
270.166,-7.55248,-11.4077,-9.92035,
278.238,-7.49822,-11.3957,-9.9245,
284.914,-7.4068,-11.3704,-9.93086,
290.629,-7.30469,-11.3368,-9.9338,
297.004,-7.22175,-11.3042,-9.93714,
304.433,-7.1775,-11.2856,-9.93962,
310.993,-7.08801,-11.244,-9.94544,
316.937,-7.05648,-11.229,-9.94796,
323.447,-6.97318,-11.1808,-9.95459,
329.93,-6.90898,-11.1391,-9.95938,
338.103,-6.87017,-11.1149,-9.961,
345.373,-6.80782,-11.0673,-9.96418,
352.81,-6.73644,-11.0051,-9.97112,
359.098,-6.70001,-10.9713,-9.97618,
366.98,-6.65873,-10.9241,-9.98215,
375.646,-6.61683,-10.8731,-9.9895,
384.7,-6.57761,-10.8124,-9.99714,
391.224,-6.55328,-10.7624,-10.0044,
397.643,-6.54372,-10.7302,-10.01,
404.373,-6.54187,-10.6824,-10.0172,
411.137,-6.55304,-10.6317,-10.0263,
419.092,-6.60068,-10.5513,-10.0358,
425.449,-6.64809,-10.5028,-10.0395,
432.125,-6.73734,-10.4349,-10.0411,
439.659,-6.84152,-10.3784,-10.038,
445.705,-6.94567,-10.3392,-10.036,
451.912,-7.06486,-10.292,-10.0345,
458.123,-7.19622,-10.2415,-10.0345,
462.664,-7.32854,-10.1883,-10.0346,
467.313,-7.4318,-10.1574,-10.0341,
474.228,-7.56415,-10.1228,-10.0338,
481.033,-7.69665,-10.0846,-10.0336,
487.634,-7.83081,-10.0483,-10.0324,
492.34,-7.89512,-10.0355,-10.0311,
497.967,-8.00825,-10.0054,-10.03,
506.823,-8.13706,-9.96817,-10.0308,
514.658,-8.22421,-9.94804,-10.032,
521.852,-8.35817,-9.90972,-10.0345,
529.533,-8.50983,-9.86866,-10.039,
535.639,-8.64308,-9.8364,-10.0427,
540.633,-8.7512,-9.81038,-10.0458,
549.248,-8.94409,-9.76609,-10.0523,
555.849,-9.03208,-9.74787,-10.0552,
562.809,-9.13816,-9.73189,-10.0577,
571.779,-9.22703,-9.71993,-10.061,
579.775,-9.31086,-9.70611,-10.0641,
587.534,-9.46831,-9.68293,-10.07,
594.418,-9.54467,-9.67274,-10.0717,
601.526,-9.6389,-9.66189,-10.0764,
608.197,-9.70561,-9.65594,-10.0835,
615.082,-9.73724,-9.65469,-10.0892,
622.611,-9.78896,-9.64815,-10.0965,
630.504,-9.82715,-9.64392,-10.1073,
636.71,-9.85023,-9.64316,-10.116,
642.025,-9.85946,-9.64561,-10.1241,
648.525,-9.85013,-9.65069,-10.1321,
654.723,-9.83962,-9.65786,-10.1391,
660.113,-9.81335,-9.66821,-10.1429,
666.502,-9.78942,-9.67835,-10.1494,
671.679,-9.76588,-9.68773,-10.1542,
677.487,-9.73775,-9.70156,-10.1592,
684.675,-9.69833,-9.71977,-10.1634,
692.014,-9.65963,-9.73798,-10.1668,
699.913,-9.62212,-9.75164,-10.1688,
707.927,-9.57326,-9.77515,-10.1715,
714.881,-9.5212,-9.79638,-10.1718,
721.949,-9.45603,-9.81837,-10.1733,
729.707,-9.39594,-9.84,-10.1729,
735.893,-9.36811,-9.85175,-10.1725,
743.146,-9.27603,-9.88373,-10.1724,
749.354,-9.23834,-9.90597,-10.175,
755.136,-9.18315,-9.93035,-10.1754,
763.738,-9.11344,-9.95655,-10.1764,
771.339,-9.05381,-9.98537,-10.1757,
778.31,-8.98064,-10.0181,-10.1774,
786.284,-8.93461,-10.0461,-10.1784,
792.913,-8.86737,-10.0711,-10.1769,
798.541,-8.81936,-10.0874,-10.1765,
805.281,-8.74321,-10.1119,-10.1734,
813.019,-8.71903,-10.1179,-10.1714,
821.403,-8.66262,-10.1333,-10.1675,
829.697,-8.61998,-10.1463,-10.1654,
836.461,-8.5613,-10.1578,-10.162,
844.672,-8.51176,-10.1833,-10.1614,
851.544,-8.47868,-10.2045,-10.1604,
858.665,-8.45257,-10.2234,-10.1591,
865.503,-8.39212,-10.2452,-10.1548,
873.666,-8.35591,-10.2578,-10.1519,
880.472,-8.33372,-10.2721,-10.1497,
887.289,-8.29158,-10.2882,-10.1462,
894.991,-8.25052,-10.3018,-10.1433,
903.679,-8.21149,-10.3184,-10.1388,
913.36,-8.16976,-10.3314,-10.135,
920.496,-8.11339,-10.3455,-10.1292,
930.314,-8.07162,-10.3583,-10.1246,
938.437,-8.04326,-10.3671,-10.1216,
945.724,-8.01438,-10.3841,-10.1178,
954.787,-7.97364,-10.3948,-10.1139,
961.889,-7.93524,-10.4032,-10.1083,
968.175,-7.89963,-10.4064,-10.1038,
974.119,-7.8502,-10.4143,-10.0976,
982.155,-7.8502,-10.4143,-10.0976,
991.836,-7.76889,-10.4139,-10.0903,
1001.2,-7.73891,-10.4149,-10.0879,
1009.98,-7.7197,-10.4175,-10.0864,
1018.47,-7.70957,-10.422,-10.0846,
1026.61,-7.69439,-10.4275,-10.0817,
1035.09,-7.68081,-10.432,-10.0786,
1042.46,-7.6636,-10.4331,-10.0762,
1048.62,-7.63945,-10.4329,-10.0725,
1056.11,-7.62991,-10.4335,-10.0704,
1063.94,-7.61475,-10.4329,-10.0684,
1071.65,-7.60475,-10.432,-10.0652,
1079.55,-7.58325,-10.4286,-10.0633,
1086.08,-7.56269,-10.4242,-10.0614,
1092.59,-7.54357,-10.4188,-10.0599,
1099.62,-7.52467,-10.4134,-10.0582,
1106.25,-7.51307,-10.4088,-10.0568,
1113.42,-7.48882,-10.4,-10.0552,
1119.97,-7.47479,-10.3931,-10.0547,
1127.65,-7.4416,-10.3841,-10.0564,
1136.44,-7.40931,-10.3783,-10.0588,
1144.9,-7.36634,-10.369,-10.0619,
1153.33,-7.29812,-10.3578,-10.0628,
1158.49,-7.23478,-10.3489,-10.062,
1167.5,-7.12235,-10.3365,-10.0576,
1173.19,-7.07029,-10.3316,-10.0552,
1177.68,-6.93931,-10.3211,-10.0501,
1185.22,-6.8249,-10.312,-10.0474,
1191.5,-6.73796,-10.3065,-10.0454,
1196.52,-6.65227,-10.3013,-10.043,
1205.56,-6.53968,-10.2952,-10.0392,
1212.33,-6.40528,-10.29,-10.0334,
1217.41,-6.33195,-10.2871,-10.0297,
1225.42,-6.20052,-10.2829,-10.0238,
1231.81,-6.04874,-10.2781,-10.0181,
1237.08,-5.9114,-10.2732,-10.013,
1244.17,-5.74713,-10.2698,-10.0073,
1248.65,-5.64985,-10.2675,-10.0041,
1253.5,-5.55163,-10.2665,-10.0007,
1260.09,-5.35581,-10.2624,-9.99444,
1267.96,-5.18187,-10.2591,-9.98945,
1273.56,-5.06392,-10.2569,-9.9867,
1280.95,-4.86784,-10.2532,-9.98385,
1286.94,-4.72971,-10.2501,-9.98225,
1293.06,-4.61356,-10.247,-9.98126,
1302.32,-4.51215,-10.2441,-9.98093,
1310.51,-4.44498,-10.2424,-9.98083,
1317.23,-4.32408,-10.2391,-9.97966,
1324.82,-4.24004,-10.2361,-9.97923,
1331.69,-4.0984,-10.2307,-9.97919,
1337.74,-3.98368,-10.2256,-9.98026,
1345.45,-3.86261,-10.218,-9.98204,
1351.77,-3.82043,-10.2144,-9.98148,
1360.18,-3.72081,-10.2012,-9.97832,
1368.88,-3.57895,-10.1648,-9.97675,
1374.54,-3.47844,-10.1193,-9.97663,
1381.31,-3.36462,-10.0535,-9.97432,
1387.35,-3.2668,-9.97399,-9.97156,
1393.39,-3.18103,-9.88931,-9.96847,
1400.41,-3.0676,-9.75511,-9.96481,
1406.2,-3.01316,-9.67694,-9.96332,
1412.04,-2.91158,-9.53122,-9.96031,
1418.85,-2.83022,-9.39841,-9.95757,
1424.86,-2.76426,-9.27547,-9.95591,
1430.59,-2.70904,-9.15246,-9.95476,
1438.85,-2.62859,-8.9871,-9.95345,
1446.8,-2.57602,-8.85247,-9.95231,
1453.22,-2.5225,-8.71329,-9.95126,
1462.34,-2.46879,-8.57332,-9.95063,
1469.23,-2.42515,-8.44652,-9.95061,
1475.9,-2.37283,-8.2826,-9.95124,
1481.93,-2.32798,-8.12872,-9.95083,
1488.03,-2.28566,-7.97348,-9.94833,
1495.73,-2.24264,-7.79824,-9.94812,
1503.44,-2.21912,-7.69631,-9.9483,
1511.21,-2.19673,-7.59767,-9.94849,
1519.07,-2.1653,-7.44626,-9.95034,
1525.72,-2.13753,-7.28938,-9.95351,
1532.68,-2.11837,-7.16504,-9.95759,
1540.2,-2.1071,-7.05439,-9.96319,
1545.2,-2.09967,-6.97467,-9.96731,
1551.34,-2.09007,-6.85213,-9.9731,
1557.11,-2.08421,-6.75044,-9.97886,
1563.56,-2.08011,-6.66109,-9.98387,
1571.09,-2.07841,-6.53613,-9.99331,
1577.19,-2.07837,-6.4306,-10.0027,
1584.43,-2.07697,-6.34785,-10.0103,
1590.49,-2.08191,-6.2695,-10.0172,
1596.03,-2.08938,-6.15501,-10.0284,
1601.82,-2.09551,-6.10018,-10.0336,
1609.61,-2.10676,-6.04036,-10.0401,
1618.13,-2.12089,-5.95308,-10.0517,
1626.3,-2.13864,-5.87506,-10.0596,
1633.56,-2.15725,-5.79402,-10.0651,
1642.48,-2.17402,-5.72804,-10.0705,
1648.21,-2.20118,-5.64686,-10.0805,
1653.96,-2.229,-5.57163,-10.0878,
1663.19,-2.25452,-5.52462,-10.0924,
1668.97,-2.28745,-5.46534,-10.0991,
1675.75,-2.31071,-5.42113,-10.1057,
1684,-2.3575,-5.35077,-10.119,
1689.78,-2.38888,-5.31145,-10.1258,
1695.46,-2.42387,-5.28927,-10.1298,
1702.41,-2.45384,-5.27275,-10.1359,
1710.26,-2.46538,-5.26448,-10.1394,
1716.62,-2.49082,-5.27673,-10.1329,
1724.04,-2.54829,-5.26424,-10.1394,
1728.99,-2.5824,-5.26223,-10.1422,
1735.04,-2.61721,-5.25833,-10.1424,
1742.69,-2.66119,-5.26831,-10.144,
1748.66,-2.68694,-5.27838,-10.1429,
1753.69,-2.72142,-5.27957,-10.1454,
1761.43,-2.75322,-5.29046,-10.1474,
1766.53,-2.78345,-5.31052,-10.149,
1771.34,-2.81031,-5.32409,-10.1501,
1778.18,-2.84617,-5.33315,-10.1527,
1783.97,-2.87,-5.35035,-10.1523,
1788.79,-2.88959,-5.36399,-10.1528,
1797.31,-2.92535,-5.37593,-10.1537,
1802.88,-2.96055,-5.38671,-10.1563,
1807.48,-2.98502,-5.39764,-10.1556,
1813.62,-3.01261,-5.40137,-10.1566,
1819.12,-3.0387,-5.41631,-10.1559,
1825.03,-3.07723,-5.44062,-10.1554,
1833.87,-3.10719,-5.45297,-10.1551,
1839.77,-3.1383,-5.47921,-10.1518,
1844.94,-3.16983,-5.49903,-10.1487,
1852.49,-3.19135,-5.51042,-10.1457,
1858.35,-3.22485,-5.52473,-10.1324,
1863,-3.233,-5.52734,-10.1288,
1870.31,-3.26824,-5.52169,-10.1202,
1875.97,-3.28665,-5.51189,-10.1148,
1881.12,-3.30307,-5.4983,-10.11,
1887.73,-3.31373,-5.48434,-10.1067,
1892.56,-3.3207,-5.47492,-10.105,
1900.16,-3.35184,-5.43561,-10.0995,
1905.6,-3.36856,-5.40592,-10.0957,
1910.57,-3.39047,-5.36215,-10.0905,
1917.81,-3.41,-5.32255,-10.086,
1922.68,-3.43453,-5.25156,-10.0766,
1930.53,-3.45209,-5.18462,-10.0682,
1934.87,-3.46256,-5.13896,-10.0627,
1941.14,-3.47329,-5.08967,-10.0561,
1949.01,-3.48543,-5.02381,-10.0466,
1955.87,-3.49981,-4.93448,-10.0333,
1962.65,-3.50555,-4.89482,-10.0278,
1971.31,-3.51409,-4.8079,-10.0178,
1978.51,-3.52009,-4.72287,-10.0093,
1985.28,-3.52361,-4.66552,-10.0035,
1993.52,-3.5262,-4.58478,-9.99616,
2000.86,-3.52775,-4.51091,-9.98824,
2006.07,-3.52757,-4.44419,-9.98369,
2013.48,-3.52744,-4.42972,-9.98251,
2019.25,-3.52663,-4.38859,-9.97984,
2024.64,-3.52478,-4.3274,-9.97737,
2031.46,-3.52165,-4.25029,-9.97448,
2038.6,-3.51805,-4.18013,-9.97243,
2044.11,-3.51139,-4.10987,-9.96978,
2051.9,-3.50293,-4.0287,-9.96984,
2060.14,-3.49485,-3.94754,-9.97274,
2068.72,-3.4868,-3.8591,-9.977,
2075.53,-3.47736,-3.76499,-9.98,
2081.67,-3.46765,-3.68299,-9.97829,
2087.98,-3.45634,-3.57506,-9.97499,
2096.25,-3.44175,-3.42835,-9.97149,
2102.87,-3.4338,-3.33771,-9.97025,
2110.68,-3.42441,-3.21743,-9.96955,
2118.49,-3.41252,-3.08795,-9.96859,
2126.25,-3.39556,-2.94094,-9.96871,
2132.79,-3.37805,-2.81417,-9.96941,
2139.77,-3.3624,-2.69634,-9.96914,
2145.83,-3.34448,-2.53752,-9.96774,
2152.39,-3.33398,-2.44179,-9.96675,
2159.02,-3.32042,-2.31364,-9.96494,
2165.55,-3.31084,-2.21798,-9.96419,
2171.74,-3.30021,-2.10038,-9.96419,
2181.62,-3.29066,-1.99139,-9.96465,
2188.25,-3.28029,-1.85529,-9.96176,
2193.37,-3.26978,-1.71731,-9.95903,
2200.83,-3.26311,-1.62332,-9.95773,
2207.01,-3.25777,-1.54486,-9.95715,
2212.22,-3.25253,-1.43398,-9.95745,
2219.77,-3.24617,-1.30239,-9.95554,
2224.88,-3.24221,-1.19479,-9.95584,
2230.68,-3.24015,-1.08787,-9.95624,
2238.25,-3.23904,-0.992987,-9.95667,
2245.01,-3.24099,-0.884209,-9.95788,
2251.33,-3.2413,-0.825447,-9.95931,
2261.22,-3.24215,-0.761688,-9.96095,
2268.11,-3.24666,-0.650558,-9.9626,
2276.77,-3.24931,-0.602458,-9.96243,
2285.51,-3.25309,-0.545268,-9.96275,
2293.42,-3.2611,-0.45835,-9.96348,
2300.55,-3.26629,-0.407873,-9.9634,
2309.47,-3.27666,-0.297967,-9.96398,
2316.64,-3.28714,-0.176963,-9.96299,
2324.96,-3.29378,-0.0564081,-9.96189,
2333.55,-3.29905,0.0235864,-9.96058,
2339.55,-3.30168,0.144545,-9.96067,
2347.4,-3.30926,0.279737,-9.95984,
2356.35,-3.31921,0.449193,-9.95768,
2364.53,-3.32614,0.56074,-9.95618,
2371.74,-3.33277,0.666904,-9.95462,
2377.82,-3.34081,0.8446,-9.95298,
2383.07,-3.34758,1.02207,-9.94971,
2388.59,-3.35432,1.19802,-9.94326,
2395.49,-3.35911,1.37219,-9.93907,
2401.81,-3.36571,1.56023,-9.9343,
2408.37,-3.36773,1.71616,-9.9332,
2413.45,-3.36945,1.84705,-9.93172,
2419.45,-3.37057,1.97993,-9.9307,
2426.03,-3.37226,2.09195,-9.93013,
2433.46,-3.3736,2.1841,-9.92974,
2440.67,-3.37348,2.29371,-9.93058,
2447.85,-3.37525,2.43445,-9.93191,
2455.18,-3.37607,2.56883,-9.93408,
2462.36,-3.37685,2.66959,-9.93571,
2469.29,-3.37858,2.74675,-9.93745,
2476.93,-3.38032,2.85624,-9.9403,
2483.5,-3.38055,2.93454,-9.94241,
2490.07,-3.3825,3.05148,-9.94693,
2497.13,-3.38379,3.18524,-9.95295,
2503.5,-3.38437,3.32155,-9.95289,
2509.15,-3.38549,3.42958,-9.95127,
2515.76,-3.38735,3.53611,-9.94779,
2522.34,-3.38874,3.65539,-9.94217,
2528.21,-3.39004,3.80534,-9.93831,
2534.5,-3.39234,3.96052,-9.93614,
2542.18,-3.39432,4.132,-9.93558,
2548.99,-3.39638,4.28223,-9.93551,
2557.18,-3.3977,4.42172,-9.93534,
2565.56,-3.39873,4.64768,-9.93332,
2572.39,-3.39778,4.74742,-9.93333,
2581.49,-3.39668,4.87193,-9.93307,
2589.64,-3.39425,5.09904,-9.93359,
2595.26,-3.39142,5.28686,-9.93259,
2603.79,-3.38668,5.45177,-9.93093,
2610.73,-3.38269,5.61312,-9.93019,
2617.52,-3.37819,5.77593,-9.93064,
2625.22,-3.37448,5.92878,-9.93201,
2632.94,-3.37237,6.08223,-9.93463,
2639.86,-3.36813,6.21429,-9.93929,
2648.29,-3.36329,6.32415,-9.94435,
2656.4,-3.34887,6.48578,-9.95303,
2662.79,-3.32714,6.62093,-9.96065,
2671.36,-3.2977,6.72787,-9.96696,
2679.02,-3.24325,6.85862,-9.97149,
2686.15,-3.17453,6.98682,-9.97515,
2695.52,-3.09491,7.08197,-9.97789,
2703.82,-2.9908,7.19865,-9.98169,
2711.3,-2.8809,7.28581,-9.98553,
2719.41,-2.82278,7.32911,-9.98729,
2727.69,-2.70073,7.41215,-9.98917,
2735.76,-2.6216,7.45431,-9.98926,
2743.17,-2.50743,7.51275,-9.98863,
2751.01,-2.41945,7.55255,-9.98767,
2759.13,-2.33941,7.58156,-9.98636,
2768.34,-2.2101,7.62442,-9.98434,
2777.06,-2.09396,7.65863,-9.98208,
2785.06,-2.04401,7.67155,-9.98129,
2794.06,-1.93612,7.69749,-9.97964,
2802.69,-1.77233,7.72912,-9.9786,
2810.37,-1.68393,7.74166,-9.97894,
2820,-1.55325,7.75742,-9.97845,
2827.29,-1.50254,7.76198,-9.97819,
2832.82,-1.38386,7.77061,-9.97781,
2841.72,-1.27297,7.77746,-9.9763,
2849.49,-1.17017,7.77984,-9.97448,
2855.52,-1.05571,7.78313,-9.97005,
2863.19,-0.946552,7.78313,-9.96701,
2870.24,-0.888857,7.78219,-9.9655,
2876.08,-0.770664,7.77469,-9.96596,
2882.81,-0.6805,7.76705,-9.96386,
2888.34,-0.632535,7.76372,-9.96342,
2895.59,-0.556226,7.75611,-9.96349,
2903.62,-0.483373,7.74643,-9.96409,
2911.24,-0.415694,7.7394,-9.9651,
2917.24,-0.360366,7.73225,-9.96578,
2924.38,-0.285766,7.72211,-9.9676,
2931.39,-0.231293,7.7134,-9.96995,
2939.12,-0.170427,7.70436,-9.97362,
2947.59,-0.126859,7.69555,-9.97711,
2954.82,-0.0787881,7.68347,-9.97873,
2962.05,-0.042342,7.67495,-9.97688,
2969.42,-0.00993079,7.66558,-9.97517,
2975.15,0.0105955,7.65906,-9.97455,
2980.96,0.0333618,7.65106,-9.97374,
2988.4,0.0568392,7.63817,-9.97443,
2993.7,0.0685097,7.62884,-9.97557,
3001.04,0.0776662,7.61659,-9.97786,
3009.49,0.0866634,7.59038,-9.98207,
3015.34,0.0898908,7.55766,-9.98646,
3022.65,0.0924052,7.51587,-9.98909,
3031.03,0.0948952,7.44312,-9.98893,
3036.85,0.0974069,7.38529,-9.98829,
3046.12,0.0959651,7.35517,-9.98784,
3056.11,0.0878152,7.25154,-9.98673,
3063.66,0.0873298,7.14823,-9.98673,
3070.06,0.0782496,7.07498,-9.98671,
3079.16,0.0750826,7.03,-9.98682,
3086.88,0.0642776,6.90939,-9.98707,
3094.38,0.0606662,6.84783,-9.98726,
3103.75,0.0516711,6.74376,-9.98776,
3110.69,0.0374627,6.63939,-9.98829,
3118.12,0.0204605,6.51322,-9.98881,
3127.65,-0.0135265,6.34658,-9.98949,
3136.2,-0.0432619,6.20683,-9.99059,
3145,-0.0558687,6.12454,-9.99133,
3154.22,-0.0838637,5.94032,-9.99395,
3162.4,-0.0970335,5.83268,-9.99518,
3169.46,-0.105399,5.74197,-9.99572,
3177.77,-0.118663,5.6136,-9.99675,
3184.98,-0.127994,5.50187,-9.99608,
3191.82,-0.137737,5.32964,-9.99582,
3199.06,-0.145134,5.15454,-9.99556,
3205.62,-0.146065,5.02833,-9.9951,
3212.52,-0.143157,4.90431,-9.99465,
3219.48,-0.137608,4.77838,-9.99388,
3225.32,-0.13185,4.67559,-9.99293,
3231.83,-0.120442,4.58453,-9.99186,
3239.26,-0.105144,4.46995,-9.99042,
3246.05,-0.0838866,4.37431,-9.9882,
3252.76,-0.0670379,4.29449,-9.98608,
3259.96,-0.0421157,4.2186,-9.98264,
3265.93,-0.0166698,4.1482,-9.97874,
3272.99,0.00836529,4.08979,-9.97698,
3283.29,0.0415117,4.03111,-9.9764,
3290.72,0.0655539,3.98012,-9.97755,
3297.52,0.106393,3.8845,-9.98231,
3305.71,0.134568,3.79835,-9.98464,
3313.17,0.154794,3.70305,-9.9858,
3320.76,0.18217,3.57732,-9.98432,
3329.11,0.202647,3.47275,-9.98267,
3338.4,0.227832,3.36122,-9.98141,
3347.34,0.249917,3.24283,-9.98109,
3354.77,0.268017,3.11967,-9.98137,
3362.45,0.283532,3.02756,-9.9811,
3371.2,0.2965,2.89398,-9.98054,
3379.59,0.308711,2.77477,-9.97855,
3386.53,0.317521,2.66844,-9.97676,
3392.88,0.325426,2.54392,-9.97502,
3399.48,0.33347,2.40426,-9.9733,
3408.64,0.33817,2.28078,-9.97059,
3416.39,0.338984,2.22168,-9.9667,
3424.76,0.341403,2.08115,-9.95761,
3432.85,0.34346,1.9545,-9.94989,
3439.43,0.345195,1.83451,-9.94502,
3445.16,0.346613,1.68816,-9.94268,
3452.01,0.346283,1.62301,-9.94268,
3457.46,0.345561,1.56131,-9.94295,
3463.46,0.344168,1.46853,-9.9438,
3472.2,0.342735,1.39743,-9.9435,
3478.5,0.340861,1.28155,-9.94229,
3485.14,0.33938,1.1513,-9.9418,
3491.3,0.338836,1.04113,-9.94256,
3495.47,0.33538,0.921665,-9.94424,
3500.67,0.332534,0.793757,-9.94626,
3509.06,0.327755,0.682799,-9.94362,
3517.07,0.323808,0.592589,-9.9431,
3521.98,0.323508,0.539823,-9.94196,
3530.07,0.322796,0.505558,-9.94102,
3538.02,0.322076,0.435941,-9.94163,
3544.94,0.320652,0.403,-9.94117,
3553.92,0.320319,0.383203,-9.93644,
3560.71,0.319565,0.371537,-9.93437,
3566.37,0.32117,0.372517,-9.9326,
3574.79,0.319808,0.390395,-9.93241,
3581.19,0.321809,0.412992,-9.93323,
3586.23,0.323451,0.454607,-9.93494,
3595.15,0.324327,0.491146,-9.93642,
3599.38,0.323741,0.555021,-9.93933,
3604.53,0.329484,0.609974,-9.94107,
3614.34,0.33799,0.698011,-9.94362,
3622.21,0.351733,0.79878,-9.94608,
3628.14,0.357156,0.863873,-9.94746,
3636.71,0.374936,0.977855,-9.94599,
3642.01,0.385689,1.08123,-9.94547,
3648.47,0.39665,1.19201,-9.94547,
3657.46,0.407663,1.28911,-9.94596,
3664.33,0.418237,1.3989,-9.94699,
3670.24,0.425128,1.46637,-9.94749,
3678.57,0.431904,1.57116,-9.94876,
3684.23,0.443451,1.66201,-9.94956,
3690.9,0.453425,1.74419,-9.95027,
3699.84,0.458089,1.84797,-9.95282,
3706.39,0.467804,1.9281,-9.95335,
3713.7,0.47607,2.00132,-9.95349,
3722.18,0.486012,2.09855,-9.95352,
3728.75,0.495683,2.18375,-9.95394,
3735.55,0.503453,2.28358,-9.95489,
3743.82,0.509051,2.36584,-9.95571,
3748.8,0.515058,2.47887,-9.95628,
3753.68,0.519626,2.58644,-9.95829,
3758.93,0.520424,2.69107,-9.96276,
3766.2,0.518984,2.75872,-9.96685,
3773.41,0.518342,2.82718,-9.97267,
3781.06,0.521531,2.90382,-9.98033,
3787.49,0.528169,2.95105,-9.98617,
3794.55,0.544381,3.02869,-9.99681,
3800.97,0.577596,3.10835,-10.0077,
3806.33,0.61469,3.15581,-10.0134,
3813.78,0.68914,3.23254,-10.0205,
3820.7,0.749634,3.27337,-10.0232,
3828.11,0.812139,3.30758,-10.0256,
3835.65,0.879425,3.34009,-10.0288,
3840.7,0.925828,3.36667,-10.0324,
3846.85,0.992007,3.39503,-10.0372,
3854.07,1.05131,3.41643,-10.0411,
3859.75,1.11969,3.43877,-10.0461,
3864.76,1.15021,3.44656,-10.0476,
3871.11,1.21918,3.46068,-10.0508,
3876.77,1.26654,3.46717,-10.0517,
3883.18,1.34998,3.47547,-10.0526,
3889.92,1.4177,3.4816,-10.0512,
3898.65,1.47854,3.4823,-10.0497,
3905.78,1.56282,3.47937,-10.0475,
3913.92,1.66583,3.46897,-10.0451,
3921.1,1.70334,3.46406,-10.044,
3929.89,1.77083,3.45398,-10.0419,
3938.04,1.84311,3.44171,-10.0384,
3945.99,1.88785,3.43083,-10.0358,
3954.17,1.97865,3.4092,-10.0314,
3959.66,2.03983,3.39562,-10.0287,
3964.66,2.11075,3.38009,-10.0259,
3971.03,2.1817,3.36061,-10.0229,
3976.75,2.24641,3.33878,-10.0186,
3981.61,2.31055,3.3184,-10.0142,
3988.49,2.36304,3.30494,-10.0108,
3996.41,2.42094,3.28865,-10.0071,
4003.37,2.45361,3.27946,-10.0049,
4008.93,2.47391,3.27408,-10.0035,
4015.44,2.54685,3.24837,-9.9974,
4023.02,2.60152,3.21595,-9.99551,
4031.55,2.65948,3.15011,-9.99402,
4039.23,2.70609,3.08016,-9.99151,
4044.1,2.74983,3.00554,-9.98821,
4049.94,2.78975,2.91258,-9.98326,
4055.4,2.83535,2.801,-9.9785,
4060.84,2.85673,2.72736,-9.97592,
4066.68,2.89526,2.58235,-9.96733,
4073.61,2.92193,2.48301,-9.9602,
4078.96,2.94536,2.36325,-9.95418,
4086.02,2.96908,2.23268,-9.94534,
4092.41,2.98595,2.15699,-9.94296,
4100.25,3.00926,1.96367,-9.93172,
4109.45,3.02289,1.86444,-9.92622,
4116.55,3.04358,1.71957,-9.92198,
4124.43,3.05592,1.62763,-9.91916,
4132.4,3.06789,1.51421,-9.91435,
4139.06,3.07635,1.4274,-9.91069,
4147.4,3.08866,1.28341,-9.90649,
4155.41,3.09854,1.1922,-9.90469,
4162.74,3.11073,1.09484,-9.90377,
4168.77,3.12665,0.949785,-9.90313,
4175.73,3.15186,0.750143,-9.90392,
4181.47,3.17146,0.604084,-9.9075,
4186.9,3.18158,0.537604,-9.91015,
4193.77,3.21052,0.373806,-9.91881,
4199.68,3.24408,0.253492,-9.92908,
4205.43,3.27102,0.184081,-9.93617,
4212.54,3.33104,0.0636057,-9.94785,
4220.77,3.40283,-0.0190143,-9.95509,
4227.82,3.47924,-0.0987264,-9.95972,
4235.9,3.58979,-0.189995,-9.96397,
4243.15,3.67185,-0.254163,-9.96653,
4252.32,3.81338,-0.338457,-9.97074,
4258.79,3.87706,-0.373247,-9.97259,
4266.52,4.00016,-0.431517,-9.97548,
4275.57,4.1279,-0.480916,-9.97789,
4283.29,4.19387,-0.503629,-9.97872,
4289.02,4.32244,-0.542761,-9.9803,
4295.53,4.43345,-0.572619,-9.98194,
4301.28,4.57665,-0.607652,-9.98286,
4307.81,4.71351,-0.636256,-9.9836,
4316.04,4.81905,-0.653559,-9.98438,
4322.5,5.00766,-0.677433,-9.98539,
4327.98,5.1978,-0.692368,-9.98675,
4335.24,5.33484,-0.698135,-9.98793,
4341.63,5.46969,-0.6998,-9.98913,
4347.74,5.59835,-0.697096,-9.99023,
4353.35,5.71904,-0.693594,-9.9911,
4360.57,5.85052,-0.685953,-9.99216,
4368.08,5.99114,-0.67403,-9.99324,
4375.54,6.10671,-0.663753,-9.99413,
4382.86,6.20082,-0.646921,-9.99506,
4389.51,6.30829,-0.631168,-9.99628,
4394.86,6.41371,-0.611109,-9.99822,
4401.93,6.48665,-0.597874,-10.0003,
4409.86,6.59451,-0.586779,-10.0054,
4417.75,6.67727,-0.588913,-10.0078,
4426.37,6.75516,-0.608759,-10.0108,
4434.01,6.82337,-0.635719,-10.0136,
4440.15,6.90821,-0.669778,-10.0175,
4446.01,6.99908,-0.738198,-10.022,
4452.65,7.06907,-0.792634,-10.0248,
4458.75,7.11762,-0.843093,-10.0281,
4464.76,7.16008,-0.898568,-10.0313,
4472.16,7.21099,-0.985007,-10.0279,
4479.64,7.25276,-1.08648,-10.024,
4485.63,7.28121,-1.16486,-10.0235,
4491.12,7.30305,-1.24326,-10.0238,
4497.2,7.31454,-1.29315,-10.0246,
4505.43,7.33094,-1.37811,-10.0257,
4512.62,7.34323,-1.45286,-10.0272,
4519.44,7.35424,-1.56035,-10.0301,
4528.68,7.36168,-1.65209,-10.0316,
4537.09,7.36398,-1.74327,-10.0329,
4544.27,7.36491,-1.82074,-10.0333,
4552.6,7.36417,-1.8736,-10.0339,
4561.4,7.35691,-1.97524,-10.0352,
4568.46,7.34843,-2.0724,-10.0363,
4574.75,7.33974,-2.15011,-10.0367,
4581.93,7.32538,-2.23514,-10.0376,
4586.07,7.31232,-2.32785,-10.0367,
4589.88,7.29763,-2.39763,-10.0361,
4596.61,7.28409,-2.47635,-10.0333,
4601.27,7.27562,-2.52859,-10.0314,
4607.99,7.26288,-2.5854,-10.0289,
4613.08,7.24902,-2.65574,-10.0262,
4617.34,7.23911,-2.7075,-10.0253,
4623.19,7.23284,-2.73897,-10.0249,
4628.22,7.22045,-2.78742,-10.0241,
4635.66,7.20321,-2.84273,-10.0248,
4644.12,7.172,-2.90258,-10.028,
4652,7.12927,-2.95546,-10.0307,
4658.41,7.09823,-2.98379,-10.0312,
4667.72,7.04746,-3.0214,-10.0312,
4675.3,6.96818,-3.06344,-10.0298,
4682.83,6.9192,-3.08651,-10.0283,
4691.52,6.82887,-3.11675,-10.0259,
4697.67,6.74397,-3.13876,-10.0229,
4703.83,6.62249,-3.17124,-10.0181,
4712.85,6.48237,-3.19298,-10.0136,
4721.1,6.35436,-3.21353,-10.0095,
4727.85,6.25233,-3.21691,-10.0066,
4732.79,6.11727,-3.23116,-10.0028,
4739.86,6.01918,-3.24288,-10.0004,
4747.84,5.94445,-3.25146,-9.99853,
4756.55,5.79278,-3.25153,-9.99467,
4763.57,5.68596,-3.25253,-9.9926,
4771.25,5.55709,-3.25379,-9.99037,
4777.97,5.44799,-3.24573,-9.9882,
4783.05,5.33903,-3.23807,-9.98727,
4787.58,5.191,-3.21911,-9.9868,
4793.48,5.0287,-3.20281,-9.98589,
4799.11,4.93908,-3.20146,-9.98657,
4805.55,4.8943,-3.20161,-9.987,
4811.92,4.7757,-3.18436,-9.98951,
4817.1,4.66121,-3.17618,-9.99351,
4823.79,4.54591,-3.16137,-9.99884,
4828.5,4.44331,-3.14623,-10.0067,
4833.17,4.37731,-3.13564,-10.0121,
4840.2,4.29594,-3.12049,-10.0197,
4845.11,4.23417,-3.11369,-10.025,
4849.32,4.22056,-3.11017,-10.0267,
4857.57,4.16248,-3.1048,-10.0305,
4862.4,4.08029,-3.09043,-10.0377,
4869.71,4.02042,-3.08225,-10.0448,
4878.28,3.95903,-3.07178,-10.0538,
4885.24,3.91416,-3.06771,-10.0631,
4891.82,3.88548,-3.06986,-10.0721,
4900.05,3.86753,-3.06841,-10.0853,
4906.11,3.87165,-3.06714,-10.0931,
4913.24,3.89262,-3.06599,-10.0982,
4920.97,3.92275,-3.06471,-10.099,
4927.56,3.96411,-3.06657,-10.1007,
4932.18,4.00451,-3.07363,-10.1004,
4937.63,4.06764,-3.08706,-10.0975,
4943.06,4.10183,-3.09398,-10.0966,
4949.13,4.14919,-3.10384,-10.0953,
4955.55,4.21235,-3.11866,-10.0936,
4960.7,4.25787,-3.1298,-10.0918,
4967.42,4.30137,-3.14049,-10.0893,
4974.93,4.37993,-3.16092,-10.0854,
4981.83,4.43426,-3.17532,-10.0821,
4986.73,4.4945,-3.19153,-10.0781,
4994.53,4.5772,-3.21531,-10.0729,
4999.76,4.63323,-3.23175,-10.0693,
5004.35,4.70912,-3.25508,-10.0644,
5011.94,4.77527,-3.27632,-10.0601,
5017.49,4.84718,-3.29844,-10.055,
5023.22,4.89436,-3.31264,-10.0516,
5029.7,4.96465,-3.33362,-10.0463,
5035.45,5.03228,-3.35392,-10.0394,
5041.37,5.10298,-3.3738,-10.0328,
5047.11,5.1538,-3.38804,-10.0286,
5054.7,5.23649,-3.41108,-10.0219,
5060.37,5.31828,-3.43257,-10.0158,
5064.73,5.37922,-3.44871,-10.0125,
5073.23,5.42364,-3.4606,-10.0102,
5078.69,5.47539,-3.47348,-10.0073,
5084.27,5.55426,-3.49153,-10.0022,
5091.76,5.64263,-3.51233,-9.9964,
5098.03,5.70314,-3.5268,-9.99226,
5103.94,5.75397,-3.53659,-9.99015,
5110.84,5.84744,-3.55392,-9.98199,
5117.54,5.91447,-3.56663,-9.97648,
5123.3,5.99353,-3.57515,-9.97241,
5129.17,6.07138,-3.57809,-9.96939,
5134.01,6.14995,-3.57042,-9.96835,
5138.66,6.22275,-3.54807,-9.96804,
5144.75,6.3091,-3.50147,-9.9644,
5150.58,6.35911,-3.46223,-9.96167,
5157.95,6.42822,-3.39325,-9.95684,
5165.06,6.5029,-3.29462,-9.95162,
5170.22,6.56486,-3.19879,-9.94588,
5175.55,6.61566,-3.10807,-9.94043,
5184.37,6.68161,-2.97935,-9.93036,
5192.15,6.74041,-2.84742,-9.91688,
5200.75,6.80717,-2.68472,-9.89992,
5207.36,6.8376,-2.60394,-9.89287,
5212.99,6.88744,-2.46447,-9.88134,
5219.79,6.9374,-2.31173,-9.87195,
5226.09,6.97863,-2.18159,-9.8631,
5231.72,7.03343,-1.98724,-9.85398,
5238.33,7.08195,-1.80903,-9.84822,
5245.02,7.12856,-1.62238,-9.8444,
5252.04,7.16912,-1.45074,-9.84498,
5260.59,7.20406,-1.30322,-9.84735,
5265.81,7.23074,-1.18121,-9.8503,
5272.34,7.26101,-1.01715,-9.85531,
5278.99,7.28821,-0.844209,-9.86214,
5286.24,7.30393,-0.717565,-9.86911,
5292.9,7.31344,-0.647692,-9.87444,
5301.61,7.33286,-0.450779,-9.89237,
5307.36,7.33973,-0.349511,-9.90266,
5312.96,7.3452,-0.271698,-9.91157,
5321.55,7.35355,-0.151426,-9.92742,
5326.36,7.35424,0.0140094,-9.94696,
5330.76,7.35369,0.10968,-9.95927,
5337.85,7.35297,0.229857,-9.97543,
5344.14,7.34549,0.358623,-9.9885,
5352.6,7.33778,0.509947,-9.99877,
5358.27,7.32988,0.646715,-10.0077,
5363.19,7.32341,0.748483,-10.0157,
5370.68,7.30207,0.940947,-10.0307,
5376.36,7.29334,1.06461,-10.038,
5381.48,7.28464,1.16513,-10.0437,
5389.15,7.25749,1.37266,-10.0588,
5394.89,7.24399,1.45963,-10.0667,
5399.74,7.21976,1.64622,-10.0815,
5406.9,7.20045,1.7786,-10.0894,
5412.55,7.17606,1.94768,-10.1001,
5416.73,7.16533,2.04388,-10.1045,
5424.05,7.13873,2.20685,-10.1132,
5428.65,7.11802,2.3313,-10.1199,
5433.49,7.09512,2.4675,-10.1298,
5441.15,7.07933,2.5776,-10.1362,
5446.56,7.05515,2.69595,-10.1421,
5451.51,7.03778,2.79278,-10.1463,
5459.73,7.01597,2.91157,-10.1538,
5465.09,6.98261,3.03934,-10.1615,
5469.75,6.96304,3.12519,-10.1657,
5477.99,6.93796,3.21979,-10.1747,
5483.28,6.9175,3.277,-10.1799,
5488.7,6.89304,3.33379,-10.1868,
5496.23,6.86152,3.39849,-10.1963,
5501.32,6.81508,3.45441,-10.2052,
5506.07,6.79289,3.47372,-10.2074,
5513.6,6.75459,3.49186,-10.211,
5517.81,6.70357,3.49753,-10.2108,
5522.62,6.68345,3.48901,-10.2074,
5529.27,6.62955,3.453,-10.1994,
5536.22,6.61029,3.43241,-10.1949,
5543.49,6.59801,3.41737,-10.1917,
5551.42,6.54784,3.36466,-10.1809,
5559.47,6.51065,3.30847,-10.1707,
5566.4,6.474,3.26526,-10.1632,
5573.58,6.40539,3.17874,-10.1485,
5577.55,6.349,3.09701,-10.1343,
5582.47,6.32589,3.05138,-10.1265,
5590.68,6.28956,2.96327,-10.1122,
5598.8,6.25221,2.89396,-10.101,
5604.34,6.18601,2.76634,-10.0753,
5610.63,6.11656,2.62623,-10.0458,
5617.11,6.05271,2.47662,-10.0171,
5622.64,6.00622,2.34935,-9.99337,
5629.08,5.96336,2.22077,-9.97411,
5634.76,5.92854,2.10861,-9.95649,
5640.62,5.89131,1.96262,-9.93601,
5646.59,5.85422,1.80314,-9.91179,
5651.79,5.83031,1.67598,-9.89129,
5656.9,5.81311,1.56157,-9.8742,
5663.47,5.79762,1.42398,-9.85789,
5668.99,5.78977,1.33738,-9.84568,
5674.79,5.78428,1.21726,-9.83118,
5681.54,5.78334,1.12142,-9.82204,
5687.81,5.78541,0.980922,-9.80651,
5693.61,5.79175,0.902179,-9.79681,
5699.65,5.80547,0.779922,-9.78377,
5705.22,5.81568,0.696115,-9.77796,
5711.31,5.83885,0.587466,-9.76554,
5717.83,5.86785,0.475653,-9.75254,
5724.1,5.89493,0.380165,-9.74252,
5730.06,5.93935,0.270459,-9.73438,
5736.27,5.9667,0.209967,-9.72662,
5742.36,5.99584,0.141668,-9.7215,
5749.13,6.0288,0.0896077,-9.71939,
5757.04,6.07635,0.0276039,-9.71588,
5763.63,6.13083,-0.0116484,-9.71085,
5769.82,6.19549,-0.043543,-9.70945,
5775.84,6.24986,-0.0507484,-9.70516,
5781.68,6.3052,-0.0378565,-9.70054,
5787.54,6.37212,-0.00829604,-9.69495,
5794.12,6.44059,0.0422847,-9.68875,
5800.28,6.5027,0.103263,-9.68532,
5805.32,6.54895,0.154689,-9.67949,
5813.72,6.62967,0.245929,-9.67237,
5818.58,6.67076,0.305383,-9.66903,
5824.08,6.72732,0.394996,-9.66254,
5831.17,6.79987,0.49937,-9.6562,
5839.43,6.87808,0.614746,-9.63997,
5846.47,6.948,0.722592,-9.6234,
5854.15,7.02879,0.846981,-9.61472,
5861.42,7.10343,0.98622,-9.61139,
5868.91,7.14995,1.09459,-9.61346,
5875.56,7.2397,1.24881,-9.61217,
5881.26,7.3303,1.41204,-9.61266,
5888.5,7.42443,1.57088,-9.61603,
5894.76,7.49825,1.71811,-9.62497,
5902.02,7.57182,1.8592,-9.63367,
5908.04,7.61647,1.9555,-9.64287,
5915.51,7.65994,2.05838,-9.65491,
5922.11,7.69892,2.16427,-9.66995,
5929.37,7.73068,2.23536,-9.6784,
5937.18,7.79629,2.40246,-9.70217,
5942.8,7.82342,2.49083,-9.71748,
5948.17,7.87854,2.64033,-9.73897,
5956.19,7.90854,2.75213,-9.75993,
5962.9,7.92457,2.8438,-9.78051,
5969.04,7.95711,2.97476,-9.80417,
5975.76,7.98989,3.13734,-9.83438,
5981.84,8.00585,3.25734,-9.85742,
5988.14,8.00931,3.36036,-9.87799,
5994.73,8.00825,3.46428,-9.8988,
6002.28,7.99985,3.53749,-9.91502,
6008.22,7.99564,3.57409,-9.92408,
6014.19,7.97986,3.65348,-9.94239,
6019.55,7.96555,3.71393,-9.95637,
6024.83,7.95498,3.75088,-9.96616,
6033.79,7.94312,3.79152,-9.97733,
6042.75,7.92151,3.85462,-9.9911,
6048.71,7.91172,3.8736,-9.99514,
6057.75,7.88283,3.93733,-10.0109,
6064.71,7.84923,4.00018,-10.0215,
6070.32,7.80822,4.06361,-10.0327,
6077.52,7.77266,4.11261,-10.0395,
6084.21,7.71939,4.16881,-10.047,
6089.91,7.69072,4.19727,-10.0507,
6097.24,7.62632,4.24731,-10.0488,
6102.02,7.59429,4.26754,-10.0482,
6107.8,7.54923,4.29162,-10.0473,
6113.47,7.49317,4.31803,-10.0468,
6118.41,7.43965,4.33351,-10.0456,
6124.23,7.40019,4.34581,-10.0449,
6129.64,7.34261,4.35868,-10.0441,
6137.66,7.28313,4.36881,-10.0432,
6144.77,7.21172,4.37367,-10.0403,
6152.4,7.15131,4.37253,-10.0372,
6159.85,7.11278,4.36964,-10.0355,
6164.68,7.0837,4.36645,-10.0339,
6172.02,7.0076,4.35192,-10.0295,
6177.08,6.96411,4.34068,-10.0276,
6182.01,6.91102,4.32324,-10.025,
6189.49,6.87097,4.30477,-10.0215,
6199.06,6.82619,4.28398,-10.0178,
6208.59,6.78098,4.26002,-10.0147,
6218.26,6.74604,4.23813,-10.0129,
6225.99,6.70281,4.20686,-10.011,
6234.72,6.6809,4.18601,-10.009,
6243.19,6.65948,4.15093,-10.0082,
6252.62,6.65901,4.14237,-10.0084,
6261.68,6.66133,4.12059,-10.0076,
6268.35,6.67315,4.08798,-10.0045,
6275.89,6.68693,4.06434,-10.0011,
6282.88,6.71355,4.04899,-9.99956,
6291.75,6.76413,4.00051,-9.99142,
6299.42,6.85218,3.94156,-9.9791,
6308.42,6.89294,3.91196,-9.97208,
6317.02,6.98165,3.85729,-9.96067,
6321.94,7.07815,3.79321,-9.94395,
6326.86,7.19217,3.73226,-9.92829,
6333.99,7.25472,3.70105,-9.91845,
6339.76,7.35969,3.64835,-9.89715,
6345.86,7.40634,3.62625,-9.89073,
6355.34,7.53444,3.56702,-9.8713,
6361.88,7.62681,3.52628,-9.85184,
6370.23,7.72748,3.48077,-9.83284,
6379.7,7.90664,3.40906,-9.80838,
6386.72,8.01939,3.365,-9.79451,
6392.57,8.18692,3.29895,-9.77521,
6400.92,8.34118,3.23797,-9.75438,
6409.07,8.43599,3.20383,-9.74554,
6418.4,8.61372,3.14305,-9.73408,
6425.87,8.70104,3.11484,-9.73179,
6432.7,8.84975,3.0686,-9.72543,
6441.48,8.9841,3.02793,-9.71898,
6447.56,9.06185,3.00628,-9.72182,
6453.18,9.20958,2.96653,-9.71872,
6460.62,9.34616,2.93089,-9.71458,
6466.45,9.4726,2.8976,-9.71461,
6471.84,9.69384,2.84954,-9.70982,
6478.47,9.83407,2.81784,-9.70515,
6484.29,9.9785,2.78975,-9.70484,
6489.67,10.0996,2.76702,-9.71273,
6496.54,10.1892,2.74961,-9.72304,
6502.05,10.2981,2.73871,-9.7304,
6507.32,10.3437,2.73264,-9.74062,
6516.69,10.4309,2.73635,-9.74922,
6522.29,10.4649,2.74045,-9.7586,
6526.9,10.459,2.74237,-9.7654,
6536.1,10.489,2.76059,-9.77485,
6543.56,10.4903,2.77643,-9.78363,
6550.56,10.4896,2.80029,-9.79207,
6559.5,10.4863,2.84496,-9.80333,
6564.99,10.4271,2.87909,-9.81595,
6570.8,10.3788,2.92155,-9.82554,
6577.43,10.348,2.97911,-9.83162,
6582.44,10.3094,3.04827,-9.83646,
6587.77,10.257,3.10643,-9.84155,
6593.91,10.1761,3.15344,-9.84751,
6599.76,10.099,3.19861,-9.85133,
6605.6,10.0411,3.25526,-9.8545,
6614.45,9.96969,3.28793,-9.85879,
6622.01,9.90308,3.37122,-9.86333,
6628.98,9.82728,3.42105,-9.86759,
6637.22,9.76258,3.46288,-9.86987,
6644.37,9.65162,3.54244,-9.87458,
6650.43,9.57885,3.57857,-9.87848,
6656.52,9.49671,3.63608,-9.8822,
6663.34,9.40467,3.70948,-9.88647,
6669.05,9.33209,3.7575,-9.8894,
6676.73,9.26272,3.80517,-9.89292,
6683.01,9.17629,3.86645,-9.89808,
6689.83,9.10145,3.89889,-9.90296,
6696.68,8.98342,3.96404,-9.90717,
6703.41,8.88873,4.01638,-9.90754,
6710.82,8.80376,4.06312,-9.91031,
6718.07,8.6855,4.12057,-9.91541,
6722.44,8.60547,4.15604,-9.91906,
6728.84,8.52148,4.1935,-9.9232,
6737.07,8.46616,4.21256,-9.92601,
6743.73,8.40475,4.23226,-9.9292,
6748.81,8.30923,4.27248,-9.93358,
6755.6,8.22108,4.29035,-9.93619,
6763.47,8.1488,4.30545,-9.93899,
6771.17,8.06541,4.32438,-9.94244,
6778.93,7.9557,4.34677,-9.94621,
6785.42,7.87644,4.35919,-9.94839,
6791.31,7.80089,4.36093,-9.95079,
6800.89,7.71795,4.36401,-9.95328,
6809.27,7.67381,4.36747,-9.9544,
6815.69,7.56612,4.3742,-9.95507,
6822.36,7.49841,4.37173,-9.9547,
6828.83,7.43293,4.36858,-9.95459,
6836.64,7.36,4.36257,-9.95457,
6845.37,7.29738,4.35512,-9.95446,
6853.09,7.21992,4.34253,-9.95336,
6861.27,7.13628,4.3246,-9.95247,
6867.66,7.06858,4.3036,-9.95213,
6874.3,7.00498,4.28204,-9.95236,
6880.76,6.94176,4.25473,-9.95317,
6887.63,6.88106,4.22744,-9.95367,
6894.57,6.82104,4.19887,-9.9544,
6900.81,6.78572,4.18036,-9.95467,
6910.11,6.71973,4.1396,-9.95612,
6918.07,6.6822,4.1061,-9.95894,
6926.44,6.65941,4.07841,-9.95542,
6934.5,6.65134,4.04299,-9.95626,
6940.4,6.65847,4.00782,-9.95427,
6945.99,6.67618,3.9763,-9.95025,
6951.91,6.71367,3.93939,-9.94662,
6957.58,6.74043,3.91663,-9.94348,
6963.99,6.80649,3.87044,-9.92994,
6971.85,6.84978,3.84416,-9.9182,
6978.01,6.91314,3.81174,-9.90591,
6985.66,7.02654,3.75189,-9.892,
6992.84,7.09049,3.71697,-9.88062,
6999.63,7.20058,3.65922,-9.86775,
7005.53,7.2612,3.62992,-9.86314,
7010.88,7.36129,3.58093,-9.854,
7015.71,7.46378,3.53273,-9.84844,
7021.07,7.54455,3.49488,-9.84501,
7026.42,7.64695,3.44781,-9.84079,
7031.8,7.73087,3.41189,-9.83962,
7037.87,7.79366,3.38505,-9.83903,
7043.31,7.8742,3.35149,-9.83839,
7048.79,7.98566,3.30532,-9.83812,
7056.13,8.08526,3.26815,-9.84016,
7062.64,8.18911,3.22985,-9.8417,
7068,8.26324,3.20144,-9.84099,
7074.63,8.37462,3.16154,-9.84077,
7080.21,8.50008,3.119,-9.84121,
7085.83,8.60152,3.08518,-9.84184,
7091.72,8.70658,3.05226,-9.84383,
7097.47,8.81782,3.01874,-9.84537,
7103.84,8.85303,3.0084,-9.84607,
7109.8,8.96424,2.97915,-9.84839,
7115.46,9.04302,2.95996,-9.85176,
