7.6426,9.49999,9.36081,-9.90206,
14.147,9.60872,9.50394,-9.91734,
21.802,9.70537,9.62185,-9.9297,
29.2512,9.78163,9.74797,-9.94006,
37.3427,9.8665,9.90965,-9.95318,
45.2779,9.90876,10.052,-9.96589,
53.0377,9.92157,10.1388,-9.97487,
60.4223,9.90712,10.2642,-9.9859,
68.4045,9.87766,10.3847,-9.99203,
76.0759,9.8097,10.5219,-9.99726,
83.9099,9.73865,10.6255,-10.0015,
91.7074,9.6552,10.7251,-10.0048,
99.6176,9.5487,10.8333,-10.0051,
106.65,9.42919,10.9387,-10.0032,
113.978,9.33006,11.0143,-9.99991,
123.676,9.24109,11.077,-9.99615,
130.882,9.14519,11.1399,-9.99167,
140.554,9.02325,11.2105,-9.98489,
148.509,8.94829,11.2499,-9.981,
158.414,8.78402,11.3252,-9.97386,
167.659,8.68716,11.3653,-9.9714,
176.717,8.57848,11.4075,-9.96919,
184.381,8.46223,11.4414,-9.96786,
192.257,8.34241,11.4732,-9.96752,
201.387,8.23765,11.4912,-9.96577,
209.606,8.07682,11.5148,-9.96519,
218.128,8.00022,11.5229,-9.96416,
225.073,7.88524,11.5263,-9.96286,
233.025,7.79437,11.5255,-9.96091,
241.186,7.67475,11.5156,-9.95877,
247.407,7.57611,11.5055,-9.95883,
253.348,7.48291,11.4912,-9.96032,
261.998,7.4127,11.477,-9.96165,
270.511,7.32125,11.4549,-9.96434,
278.323,7.27178,11.4412,-9.96611,
286.491,7.20356,11.4198,-9.96811,
293.658,7.1257,11.3914,-9.96971,
301.219,7.05308,11.3591,-9.97002,
309.448,6.99959,11.3332,-9.97092,
317.916,6.93595,11.2965,-9.97144,
325.839,6.88856,11.2665,-9.97219,
334.16,6.84266,11.2343,-9.97362,
342.322,6.80789,11.2083,-9.97582,
350.333,6.75424,11.1662,-9.97649,
358.996,6.73454,11.1487,-9.97696,
368.569,6.68146,11.1005,-9.97667,
377.524,6.64043,11.0599,-9.97649,
386.246,6.5949,11.0098,-9.97774,
394.279,6.55548,10.9621,-9.97593,
401.196,6.52582,10.9194,-9.97477,
407.887,6.48395,10.8614,-9.97401,
415.052,6.45588,10.8178,-9.97577,
421.804,6.40724,10.7531,-9.97736,
428.615,6.35642,10.6981,-9.9767,
435.021,6.26775,10.6223,-9.97544,
441.784,6.18126,10.5765,-9.97431,
448.402,6.04265,10.5035,-9.97033,
454.832,5.92648,10.4554,-9.96716,
461.448,5.76208,10.3894,-9.96219,
468.295,5.66152,10.3652,-9.96095,
475.059,5.49014,10.3138,-9.95912,
481.678,5.36123,10.2922,-9.95851,
488.5,5.23776,10.2748,-9.95799,
495.161,5.10079,10.2481,-9.95711,
501.88,4.95327,10.2223,-9.95587,
508.607,4.82254,10.1999,-9.95518,
515.529,4.69504,10.1831,-9.95449,
525.109,4.57977,10.1648,-9.95441,
535.003,4.4674,10.1584,-9.9557,
543.714,4.36987,10.1529,-9.95643,
553.331,4.26293,10.147,-9.95771,
563.061,4.16051,10.1286,-9.9571,
571.459,4.04128,10.1087,-9.95843,
581.142,3.92265,10.1012,-9.96379,
590.394,3.82891,10.094,-9.96847,
599.173,3.7217,10.0774,-9.97376,
607.807,3.61524,10.0705,-9.97974,
615.593,3.46593,10.0591,-9.98352,
622.516,3.35907,10.0528,-9.98408,
628.871,3.1683,10.0469,-9.98228,
635.299,2.9856,10.0342,-9.97941,
642.384,2.79012,10.028,-9.97727,
648.337,2.57755,10.0161,-9.97715,
656.677,2.39054,10.0145,-9.97746,
665.567,2.13721,10.0146,-9.97867,
674.545,1.94228,10.0142,-9.97941,
683.668,1.76689,10.0182,-9.9792,
691.316,1.59549,10.0193,-9.97975,
700.796,1.41679,10.0268,-9.98006,
709.468,1.24399,10.034,-9.98129,
718.223,1.09627,10.0417,-9.98304,
726.797,0.920308,10.0535,-9.98569,
735.713,0.777262,10.0623,-9.98884,
744.33,0.623214,10.0705,-9.99463,
751.195,0.446251,10.0803,-10.003,
759.589,0.350471,10.0886,-10.0083,
767.05,0.197978,10.101,-10.0191,
776.659,0.0853129,10.1053,-10.0248,
785.023,-0.0520332,10.1112,-10.0294,
791.321,-0.330534,10.1174,-10.0309,
798.46,-0.529765,10.1226,-10.0265,
807.741,-0.73934,10.1283,-10.0242,
816.929,-0.942939,10.1334,-10.0239,
823.692,-1.17812,10.1402,-10.0263,
830.585,-1.44215,10.1489,-10.0305,
837.467,-1.67175,10.1574,-10.0305,
844.202,-1.88389,10.1662,-10.0301,
850.727,-2.14215,10.1796,-10.0281,
857.787,-2.32366,10.1892,-10.0273,
865.708,-2.49063,10.1983,-10.0281,
875.139,-2.62984,10.2063,-10.0307,
882.439,-2.77829,10.2139,-10.0328,
889.539,-2.96413,10.2201,-10.037,
896.478,-3.12142,10.2105,-10.0427,
903.377,-3.27229,10.1837,-10.0503,
910.146,-3.48654,10.1155,-10.0608,
916.884,-3.62946,10.0384,-10.0668,
924.067,-3.76722,9.96376,-10.0721,
930.944,-3.90232,9.86194,-10.0775,
937.644,-4.05746,9.74371,-10.0833,
944.394,-4.16063,9.63381,-10.0856,
951.562,-4.29166,9.48664,-10.0893,
958.396,-4.38438,9.36562,-10.0922,
965.272,-4.51422,9.20737,-10.0953,
972.076,-4.58821,9.07048,-10.0939,
978.728,-4.66539,8.91943,-10.0914,
986.083,-4.74188,8.73343,-10.0885,
993.108,-4.81789,8.60077,-10.0887,
1000.1,-4.88792,8.46499,-10.0889,
1007.21,-4.92743,8.31407,-10.0866,
1014.35,-4.98012,8.17428,-10.085,
1021.58,-5.00317,8.05854,-10.0818,
1030.92,-5.02955,7.96673,-10.0796,
1038.05,-5.06986,7.86059,-10.0761,
1047.31,-5.11852,7.70112,-10.0687,
1055.89,-5.13786,7.58981,-10.0626,
1062.64,-5.13794,7.46816,-10.0551,
1069.4,-5.14665,7.36922,-10.0493,
1076.7,-5.14069,7.27693,-10.0441,
1083.91,-5.13703,7.15576,-10.0381,
1090.97,-5.13008,7.07657,-10.0312,
1098.01,-5.1166,6.96724,-10.0232,
1105.21,-5.10314,6.88854,-10.0158,
1112.53,-5.07591,6.77656,-10.0052,
1119.45,-5.04315,6.68629,-9.99406,
1126.18,-5.01209,6.61054,-9.98411,
1133.1,-4.97607,6.54663,-9.9713,
1140.09,-4.92231,6.46459,-9.95949,
1147.6,-4.87825,6.41063,-9.95057,
1154.19,-4.83367,6.36657,-9.94396,
1161.05,-4.77584,6.30911,-9.93644,
1168.28,-4.71384,6.25954,-9.92961,
1175.05,-4.66018,6.22153,-9.92549,
1182.09,-4.59619,6.1847,-9.92178,
1189.51,-4.54371,6.1583,-9.9206,
1196.3,-4.48986,6.13547,-9.92007,
1203.48,-4.43706,6.11554,-9.9198,
1210.65,-4.36527,6.09318,-9.92199,
1217.24,-4.30686,6.0786,-9.92307,
1224.3,-4.24664,6.06687,-9.92249,
1231.45,-4.19568,6.05978,-9.92359,
1238.64,-4.1168,6.05286,-9.9224,
1245.64,-4.06615,6.05066,-9.91817,
1252.78,-3.98876,6.04907,-9.91644,
1259.69,-3.92901,6.05028,-9.91554,
1266.68,-3.86006,6.05471,-9.91574,
1273.95,-3.79635,6.06248,-9.91821,
1280.98,-3.74372,6.07422,-9.9211,
1288.14,-3.73703,6.08455,-9.92719,
1295.23,-3.75763,6.09865,-9.9309,
1302.44,-3.79993,6.11061,-9.9311,
1309.61,-3.86195,6.12975,-9.93186,
1316.41,-3.93805,6.14314,-9.92906,
1323.57,-4.02697,6.17228,-9.92717,
1330.41,-4.12218,6.1897,-9.92932,
1337.62,-4.22307,6.20654,-9.93333,
1346.26,-4.30908,6.22789,-9.93805,
1355.23,-4.40521,6.24578,-9.94322,
1363.51,-4.47761,6.27227,-9.94752,
1371.68,-4.55287,6.28998,-9.95187,
1378.79,-4.67716,6.32424,-9.96095,
1385.88,-4.77509,6.3547,-9.96785,
1392.87,-4.8923,6.38394,-9.9751,
1399.98,-4.98483,6.41606,-9.98141,
1407.4,-5.06954,6.44737,-9.9867,
1415.4,-5.14335,6.4783,-9.99158,
1422.54,-5.21897,6.50702,-9.99585,
1429.85,-5.34455,6.54817,-10.0029,
1437.31,-5.41615,6.56691,-10.0078,
1444.18,-5.49873,6.58226,-10.0134,
1451.61,-5.56309,6.61196,-10.0212,
1460.22,-5.62058,6.6242,-10.0249,
1470.34,-5.69936,6.65464,-10.032,
1479.43,-5.77241,6.67442,-10.0372,
1487.09,-5.81348,6.70412,-10.0452,
1494.27,-5.88105,6.72819,-10.0549,
1503.56,-5.92895,6.73966,-10.0629,
1512.02,-5.99158,6.72706,-10.0736,
1519.91,-6.06463,6.67392,-10.0834,
1528.04,-6.11828,6.61291,-10.0896,
1535.4,-6.16597,6.53773,-10.0926,
1543.15,-6.21056,6.4528,-10.0934,
1550.74,-6.27405,6.31025,-10.0927,
1558.85,-6.31738,6.20225,-10.0907,
1567.46,-6.36803,6.06309,-10.0879,
1575.44,-6.39997,5.96933,-10.0854,
1583.54,-6.44155,5.84293,-10.0807,
1591.11,-6.48603,5.69746,-10.0744,
1598.39,-6.51637,5.59732,-10.0701,
1604.9,-6.55183,5.48021,-10.0652,
1612.95,-6.58865,5.34532,-10.0591,
1621.55,-6.6083,5.26873,-10.0555,
1628.74,-6.64593,5.12452,-10.0485,
1635.61,-6.67805,4.99169,-10.0413,
1641.65,-6.71782,4.8214,-10.0315,
1649.26,-6.73729,4.72676,-10.026,
1657.62,-6.76536,4.6015,-10.0189,
1663.82,-6.79756,4.44848,-10.0112,
1670.45,-6.81934,4.33175,-10.006,
1676.91,-6.84237,4.21788,-10.0025,
1684.38,-6.85967,4.08748,-9.99985,
1690.31,-6.87248,3.99164,-9.99956,
1698.98,-6.88412,3.88012,-10.0019,
1707.54,-6.89512,3.76991,-10.0058,
1716.37,-6.90552,3.62837,-10.0122,
1723.66,-6.91524,3.5041,-10.0154,
1730.99,-6.92505,3.39556,-10.0159,
1738.21,-6.93039,3.21621,-10.0122,
1744.89,-6.93908,2.95574,-10.0029,
1751.07,-6.93888,2.78252,-9.99609,
1757.61,-6.93784,2.6278,-9.99258,
1764.17,-6.93691,2.37917,-9.99019,
1770.82,-6.93479,2.2022,-9.98626,
1777.48,-6.92785,2.03386,-9.98259,
1783.92,-6.92424,1.88498,-9.98006,
1790.47,-6.92628,1.72473,-9.97799,
1796.86,-6.92932,1.5807,-9.97593,
1803.45,-6.92524,1.42635,-9.9743,
1809.99,-6.91683,1.25856,-9.95912,
1817.04,-6.90828,1.14054,-9.95147,
1823.85,-6.89487,0.985889,-9.94284,
1830.55,-6.88238,0.851137,-9.93832,
1837.03,-6.864,0.743229,-9.9351,
1843.54,-6.84524,0.614445,-9.93655,
1850.54,-6.82588,0.49161,-9.94074,
1856.89,-6.80889,0.368345,-9.94701,
1862.98,-6.79793,0.230143,-9.95248,
1869.51,-6.77508,0.0403568,-9.95033,
1876.23,-6.76966,-0.119611,-9.94851,
1882.72,-6.76243,-0.276365,-9.94541,
1889.29,-6.74677,-0.498311,-9.94592,
1895.82,-6.72848,-0.668225,-9.94797,
1902.53,-6.70661,-0.904638,-9.95139,
1909.53,-6.68472,-1.14034,-9.95249,
1915.39,-6.67395,-1.26024,-9.95242,
1922.37,-6.65448,-1.47324,-9.95198,
1928.86,-6.63934,-1.63711,-9.95234,
1935.59,-6.63,-1.81331,-9.95339,
1942.07,-6.61675,-1.95063,-9.95495,
1948.98,-6.60598,-2.06352,-9.95682,
1955.77,-6.59308,-2.21553,-9.95945,
1962.68,-6.57973,-2.36863,-9.96104,
1969.68,-6.56619,-2.47618,-9.96256,
1976.31,-6.55551,-2.56466,-9.96471,
1983.6,-6.54456,-2.64529,-9.96736,
1990.63,-6.51889,-2.75719,-9.97281,
1997.21,-6.51102,-2.86462,-9.97906,
2004.05,-6.4996,-2.99222,-9.98286,
2010.79,-6.48839,-3.15276,-9.98244,
2017.13,-6.4742,-3.35553,-9.97898,
2023.46,-6.46264,-3.58185,-9.97425,
2029.3,-6.45236,-3.73959,-9.97011,
2035.35,-6.44245,-3.89743,-9.96799,
2041.46,-6.43522,-4.06627,-9.96727,
2047.53,-6.4249,-4.20978,-9.96699,
2053.18,-6.41183,-4.34271,-9.96649,
2059.02,-6.40495,-4.58028,-9.96487,
2064.78,-6.40563,-4.76957,-9.96126,
2070.71,-6.40628,-4.92303,-9.96001,
2076.9,-6.40805,-5.1117,-9.95768,
2083.05,-6.40705,-5.24134,-9.95557,
2089.41,-6.40882,-5.38286,-9.95534,
2095.21,-6.41354,-5.53768,-9.95718,
2101.29,-6.4152,-5.65632,-9.95809,
2108.45,-6.41852,-5.74713,-9.95753,
2116.14,-6.42096,-5.88096,-9.95757,
2121.54,-6.43146,-6.02033,-9.96099,
2130.04,-6.44161,-6.17059,-9.96751,
2138.35,-6.44856,-6.29841,-9.97412,
2146.88,-6.44794,-6.37584,-9.97726,
2154.97,-6.45481,-6.57448,-9.98032,
2163.13,-6.46004,-6.71716,-9.97809,
2171.34,-6.46411,-6.88187,-9.97564,
2178.79,-6.46826,-7.05774,-9.97401,
2186.48,-6.47339,-7.25626,-9.97286,
2193.12,-6.47622,-7.45763,-9.97229,
2199.96,-6.48146,-7.60743,-9.97228,
2207.05,-6.48736,-7.76603,-9.97197,
2215.77,-6.49048,-7.91874,-9.97208,
2223.53,-6.49307,-8.02866,-9.97305,
2229.21,-6.49923,-8.19985,-9.97412,
2236,-6.50478,-8.34594,-9.97465,
2243.08,-6.51013,-8.46869,-9.97552,
2252.16,-6.51034,-8.58283,-9.97686,
2260.84,-6.51511,-8.69715,-9.97879,
2268.07,-6.52097,-8.85554,-9.97822,
2274.27,-6.52465,-8.97192,-9.97619,
2281.01,-6.52526,-9.0843,-9.97394,
2288.3,-6.5262,-9.17276,-9.97119,
2295.86,-6.52519,-9.26424,-9.97097,
2303.42,-6.51129,-9.3657,-9.97254,
2311.47,-6.48061,-9.4353,-9.97638,
2319.21,-6.43168,-9.5129,-9.97991,
2325.97,-6.34297,-9.58352,-9.97887,
2333.67,-6.25849,-9.63306,-9.97542,
2341.48,-6.15488,-9.68254,-9.97133,
2348.09,-6.03716,-9.73854,-9.96638,
2354.15,-5.93104,-9.79038,-9.96296,
2360.37,-5.82025,-9.84386,-9.96101,
2366.15,-5.69166,-9.89687,-9.95983,
2373.82,-5.51558,-9.9474,-9.95683,
2382.74,-5.38371,-9.98523,-9.95486,
2390.99,-5.24642,-10.0373,-9.95277,
2397.72,-5.11111,-10.0741,-9.95057,
2405.9,-4.9535,-10.1172,-9.9472,
2414.43,-4.8131,-10.1506,-9.94512,
2422.22,-4.66153,-10.1788,-9.94155,
2428.08,-4.53882,-10.1918,-9.93852,
2435.64,-4.39893,-10.2295,-9.93625,
2443.63,-4.2801,-10.2477,-9.93363,
2449.52,-4.16127,-10.2564,-9.93115,
2457.73,-4.02733,-10.2794,-9.93431,
2467.27,-3.92206,-10.2904,-9.93642,
2476.33,-3.80633,-10.2902,-9.93904,
2485.01,-3.69361,-10.2843,-9.94342,
2493.32,-3.54998,-10.2974,-9.9469,
2499.59,-3.3832,-10.308,-9.94683,
2505.47,-3.20531,-10.3076,-9.94326,
2511.73,-3.01487,-10.2898,-9.93931,
2518.25,-2.79054,-10.2837,-9.93745,
2524.59,-2.61171,-10.2948,-9.93652,
2530.88,-2.41893,-10.3066,-9.93668,
2537.2,-2.26462,-10.3046,-9.93601,
2543.51,-2.07997,-10.3062,-9.93514,
2550.37,-1.90364,-10.2974,-9.93357,
2557,-1.7472,-10.2836,-9.93274,
2563.31,-1.56389,-10.2753,-9.93397,
2569.93,-1.37738,-10.2514,-9.93577,
2577.64,-1.23705,-10.246,-9.93827,
2586.26,-1.13921,-10.2425,-9.93976,
2593.13,-1.00101,-10.2352,-9.94095,
2599.3,-0.809534,-10.2351,-9.94522,
2605.15,-0.671488,-10.2245,-9.94853,
2612.08,-0.519541,-10.2255,-9.95507,
2621.17,-0.413346,-10.2125,-9.96142,
2630.12,-0.313067,-10.1908,-9.96782,
2637.37,-0.144672,-10.1609,-9.97995,
2645.99,-0.0370888,-10.1426,-9.9852,
2655.49,0.125262,-10.121,-9.98864,
2663.61,0.353242,-10.0923,-9.9895,
2670.34,0.515213,-10.0916,-9.9894,
2676.77,0.747028,-10.0792,-9.9906,
2684.04,0.969814,-10.0833,-9.99286,
2691.39,1.13187,-10.0836,-9.99484,
2699.43,1.29575,-10.0789,-9.9973,
2707.95,1.44127,-10.0842,-9.99885,
2715.08,1.64919,-10.0746,-10.0017,
2722.58,1.82612,-10.0677,-10.0047,
2731.4,1.98705,-10.0547,-10.0067,
2738.87,2.15393,-10.0636,-10.008,
2745.66,2.27225,-10.0497,-10.01,
2752.91,2.38651,-10.0466,-10.0119,
2759.09,2.4636,-10.0475,-10.0139,
2764.66,2.58543,-10.0478,-10.0152,
2773.32,2.68539,-10.0417,-10.0164,
2783.24,2.80425,-10.0454,-10.0201,
2793.3,2.90915,-10.0375,-10.0245,
2802.59,3.02593,-10.0313,-10.0281,
2811.65,3.17621,-10.0235,-10.0293,
2819.67,3.33471,-10.0108,-10.0288,
2829.18,3.53885,-10.0091,-10.0252,
2837.48,3.74005,-9.99834,-10.0214,
2845.1,3.95551,-9.99666,-10.0191,
2852.42,4.12767,-9.98781,-10.0195,
2859.41,4.33805,-9.98936,-10.0199,
2867.47,4.49999,-9.98646,-10.0204,
2874.62,4.72818,-9.98603,-10.0202,
2882.38,4.89216,-9.9932,-10.0178,
2891.35,5.0593,-9.9949,-10.0163,
2899.63,5.22727,-10.0022,-10.0151,
2909.14,5.37663,-10.004,-10.0148,
2919.03,5.53466,-10.0123,-10.014,
2927.94,5.71166,-10.024,-10.0137,
2935.95,5.88234,-10.0329,-10.0144,
2943.61,6.03402,-10.041,-10.016,
2949.99,6.16494,-10.0461,-10.0188,
2956.88,6.30359,-10.0522,-10.0227,
2964.47,6.41529,-10.0482,-10.027,
2972.48,6.56624,-10.0235,-10.0327,
2981.62,6.67939,-9.97901,-10.0365,
2989.69,6.81845,-9.88219,-10.0373,
2997.32,6.9185,-9.78566,-10.0362,
3004.59,6.98693,-9.70343,-10.0352,
3011.12,7.06441,-9.61169,-10.0351,
3020.26,7.14773,-9.49487,-10.0341,
3027.75,7.21482,-9.3847,-10.0331,
3034.21,7.28166,-9.26672,-10.0319,
3043.05,7.34446,-9.1494,-10.0305,
3052.61,7.42258,-9.00535,-10.0297,
3060.95,7.48408,-8.89047,-10.0281,
3068.45,7.54936,-8.74127,-10.0275,
3076.27,7.60345,-8.63195,-10.0287,
3085.34,7.65125,-8.49997,-10.0293,
3094.23,7.71224,-8.37318,-10.0333,
3103.41,7.75541,-8.26811,-10.0363,
3112.79,7.80031,-8.16718,-10.0401,
3121.92,7.85128,-8.03025,-10.0443,
3129.39,7.89367,-7.92646,-10.0478,
3138.92,7.91433,-7.85817,-10.049,
3148.69,7.93674,-7.74758,-10.0501,
3157.39,7.95627,-7.64803,-10.052,
3165.87,7.98142,-7.54218,-10.0561,
3174.55,7.99864,-7.47554,-10.0585,
3183.23,8.01514,-7.37244,-10.0616,
3190.26,8.02332,-7.29452,-10.0652,
3198.38,8.03151,-7.22659,-10.0683,
3205.51,8.03387,-7.15969,-10.0715,
3211.77,8.03434,-7.06541,-10.0759,
3218.61,8.03182,-7.00653,-10.0806,
3225.62,8.02388,-6.92741,-10.0858,
3233.91,8.01302,-6.87126,-10.0862,
3242.86,7.99903,-6.8225,-10.0853,
3250.52,7.98536,-6.77793,-10.0845,
3256.63,7.96533,-6.72619,-10.0836,
3264.1,7.93716,-6.66722,-10.0844,
3271.88,7.91207,-6.62304,-10.0848,
3280.94,7.88957,-6.58907,-10.0886,
3289.92,7.86183,-6.55497,-10.0914,
3298.75,7.83024,-6.52063,-10.0927,
3307.08,7.79281,-6.4879,-10.0866,
3316.05,7.76218,-6.46143,-10.0832,
3324.8,7.73015,-6.44116,-10.0827,
3333,7.69983,-6.42359,-10.0832,
3340.94,7.67849,-6.40957,-10.0827,
3349.01,7.64642,-6.39589,-10.0842,
3355.79,7.60836,-6.3842,-10.0864,
3361.73,7.56534,-6.37507,-10.0872,
3369.05,7.51856,-6.36565,-10.09,
3376.32,7.48366,-6.35968,-10.0937,
3384.22,7.4358,-6.3555,-10.0972,
3392.56,7.38568,-6.35062,-10.1013,
3399.6,7.30942,-6.34959,-10.1058,
3406.09,7.18769,-6.34695,-10.1057,
3411.81,7.04477,-6.35158,-10.1028,
3419.48,6.82362,-6.355,-10.092,
3427.6,6.65013,-6.35687,-10.0839,
3433.63,6.47979,-6.36017,-10.0778,
3441.09,6.26953,-6.36327,-10.0737,
3449.32,6.1162,-6.36721,-10.0709,
3457.95,5.97212,-6.36778,-10.0676,
3465.89,5.79392,-6.37296,-10.0629,
3472.94,5.66196,-6.3744,-10.0592,
3481.08,5.55408,-6.37329,-10.0559,
3488.13,5.38419,-6.37832,-10.0502,
3493.2,5.20575,-6.38157,-10.0444,
3499.73,5.05206,-6.39221,-10.0403,
3506.64,4.91813,-6.39768,-10.0371,
3513.61,4.79448,-6.41243,-10.0352,
3519.62,4.67288,-6.42108,-10.0338,
3526.45,4.57765,-6.42419,-10.0331,
3533.28,4.47301,-6.43677,-10.0337,
3539.59,4.36506,-6.45001,-10.0353,
3546.85,4.27344,-6.453,-10.0364,
3554.78,4.17415,-6.47037,-10.0378,
3561.91,4.09913,-6.47857,-10.0383,
3568.34,3.95192,-6.50215,-10.0412,
3575.32,3.82846,-6.5232,-10.0468,
3581.79,3.72861,-6.5365,-10.0529,
3588.24,3.60307,-6.56303,-10.058,
3594.93,3.45065,-6.57455,-10.0588,
3601.58,3.22192,-6.61305,-10.0547,
3608.29,3.04411,-6.62546,-10.048,
3614.57,2.79552,-6.66669,-10.0415,
3621.05,2.66687,-6.67971,-10.0399,
3628.09,2.41726,-6.72179,-10.0387,
3634.97,2.21416,-6.74677,-10.0367,
3641.35,1.96313,-6.77707,-10.0331,
3647.6,1.73451,-6.79404,-10.0291,
3654.55,1.57005,-6.81209,-10.0266,
3661.19,1.37001,-6.82336,-10.0241,
3667.9,1.20027,-6.82283,-10.0212,
3674.42,1.05416,-6.84133,-10.0209,
3681.37,0.898977,-6.85762,-10.0211,
3687.69,0.690482,-6.88082,-10.0201,
3694.05,0.551284,-6.89039,-10.0201,
3700.7,0.363146,-6.90395,-10.0208,
3707.39,0.183726,-6.90782,-10.0241,
3714.11,0.0643983,-6.88336,-10.0275,
3720.41,-0.123379,-6.79078,-10.0339,
3726.87,-0.238994,-6.70418,-10.0371,
3733.68,-0.383255,-6.57062,-10.0425,
3740.03,-0.459338,-6.51487,-10.0464,
3746.52,-0.559792,-6.39002,-10.0528,
3753.39,-0.618,-6.28294,-10.0554,
3760.35,-0.701791,-6.1946,-10.0494,
3767.36,-0.797211,-6.08974,-10.0384,
3773.93,-0.868074,-5.98038,-10.0345,
3780.91,-0.934673,-5.83979,-10.0323,
3787.2,-0.992315,-5.75042,-10.0325,
3794.02,-1.05071,-5.64916,-10.0351,
3800.4,-1.09335,-5.55275,-10.0381,
3806.97,-1.12341,-5.4169,-10.0419,
3814,-1.15108,-5.32542,-10.0463,
3820.59,-1.17795,-5.21504,-10.0508,
3827.38,-1.21257,-5.14456,-10.0568,
3833.43,-1.23132,-5.06514,-10.0606,
3838.97,-1.23549,-4.9623,-10.0651,
3845.87,-1.2278,-4.87622,-10.0694,
3852.97,-1.24905,-4.78686,-10.0793,
3860.44,-1.27078,-4.71968,-10.0884,
3867.16,-1.3012,-4.64465,-10.1006,
3874.05,-1.30893,-4.5722,-10.1061,
3881.66,-1.33011,-4.51791,-10.1146,
3888.64,-1.33185,-4.44037,-10.1171,
3897.11,-1.33359,-4.38859,-10.1184,
3905.41,-1.33323,-4.33671,-10.1222,
3912.27,-1.3235,-4.27833,-10.1232,
3918.59,-1.31576,-4.21834,-10.1227,
3924.88,-1.30491,-4.16101,-10.1245,
3932.86,-1.28336,-4.09658,-10.1234,
3941.17,-1.27881,-4.05079,-10.1273,
3948.81,-1.27225,-4.00188,-10.129,
3955.61,-1.26453,-3.96637,-10.1281,
3960.8,-1.24632,-3.91901,-10.1275,
3967.94,-1.21745,-3.86253,-10.126,
3976.23,-1.20643,-3.8279,-10.1276,
3984.53,-1.17903,-3.78264,-10.126,
3993.6,-1.16556,-3.74118,-10.1289,
3999.72,-1.14428,-3.70049,-10.1281,
4004.46,-1.12464,-3.66106,-10.1302,
4009.8,-1.09685,-3.61503,-10.1312,
4018.02,-1.0685,-3.57441,-10.1327,
4026.19,-1.02659,-3.52707,-10.1306,
4033,-0.994597,-3.49028,-10.1307,
4039.82,-0.973599,-3.46593,-10.1326,
4047.21,-0.935148,-3.42298,-10.1349,
4054.73,-0.901958,-3.389,-10.1345,
4062.1,-0.863302,-3.35353,-10.1345,
4069.17,-0.830382,-3.33314,-10.1359,
4074.84,-0.783631,-3.33341,-10.1371,
4080.12,-0.761812,-3.3458,-10.1382,
4086.04,-0.738397,-3.3702,-10.1392,
4091.63,-0.70433,-3.42591,-10.1384,
4097.7,-0.668835,-3.51723,-10.1341,
4103.36,-0.64096,-3.60552,-10.1311,
4108.77,-0.6093,-3.72704,-10.126,
4114.5,-0.590822,-3.79016,-10.1234,
4121.21,-0.573102,-3.86983,-10.1177,
4126.97,-0.551583,-3.9664,-10.1119,
4133.96,-0.52741,-4.05267,-10.1052,
4142.43,-0.508058,-4.14255,-10.0965,
4151.07,-0.492061,-4.22974,-10.0874,
4158.55,-0.470049,-4.31545,-10.0764,
4164.99,-0.45088,-4.3979,-10.0677,
4171.35,-0.425056,-4.48395,-10.0587,
4177.06,-0.394854,-4.58672,-10.0503,
4183.4,-0.369229,-4.66683,-10.0436,
4188.94,-0.348953,-4.75134,-10.0368,
4195.04,-0.314705,-4.83925,-10.026,
4200.94,-0.294244,-4.91393,-10.0185,
4206.79,-0.251591,-5.01528,-10.0085,
4213.12,-0.226921,-5.09366,-10.0021,
4218.91,-0.199061,-5.18671,-9.99435,
4225.2,-0.170837,-5.25866,-9.98907,
4231.36,-0.142595,-5.33716,-9.98489,
4238.67,-0.111786,-5.41152,-9.98194,
4246.52,-0.0853458,-5.48333,-9.97959,
4255.58,-0.0588844,-5.55327,-9.97899,
4262.97,-0.0409399,-5.59922,-9.97899,
4271.81,-0.0217288,-5.65154,-9.97948,
4281.34,-0.00465653,-5.70167,-9.9804,
4288.75,0.0193355,-5.75964,-9.98182,
4295.66,0.0482749,-5.82422,-9.98325,
4305.2,0.0633215,-5.86179,-9.9844,
4314.92,0.0864448,-5.91023,-9.98779,
4322.48,0.0968329,-5.9343,-9.99048,
4330.04,0.11,-5.95813,-9.99472,
4337.54,0.1358,-5.98437,-10.0034,
4346.3,0.151079,-5.99203,-10.0082,
4355.19,0.169791,-5.98441,-10.0131,
4361.48,0.18326,-5.95432,-10.0146,
4367.23,0.194772,-5.91027,-10.0151,
4373.25,0.203159,-5.85183,-10.0139,
4380.12,0.209578,-5.78127,-10.0085,
4387.12,0.214264,-5.70942,-10.0033,
4396.24,0.21953,-5.59245,-9.99694,
4405.03,0.223097,-5.48587,-9.99137,
4412.61,0.225242,-5.362,-9.98574,
4419.11,0.227115,-5.26701,-9.98156,
4425.48,0.231046,-5.11216,-9.97427,
4431.79,0.232764,-4.97658,-9.96875,
4437.91,0.233822,-4.83827,-9.96393,
4443.81,0.23196,-4.68587,-9.96018,
4449.97,0.228975,-4.49711,-9.95506,
4456.22,0.219632,-4.32489,-9.95304,
4464.54,0.213378,-4.18165,-9.95403,
4472.93,0.210257,-4.05044,-9.95769,
4480.82,0.201049,-3.95482,-9.96138,
4488.86,0.187564,-3.79422,-9.96853,
4495.33,0.179993,-3.70566,-9.97285,
4500.44,0.153018,-3.5653,-9.98298,
4506.71,0.141157,-3.50732,-9.99097,
4514.57,0.117533,-3.44101,-10.0041,
4522.46,0.0875629,-3.39253,-10.0168,
4529.03,0.0692605,-3.37392,-10.0248,
4534.87,0.0373228,-3.35995,-10.0353,
4541.9,-0.0206317,-3.35908,-10.0497,
4549.57,-0.0605616,-3.38191,-10.0564,
4557.09,-0.119464,-3.43292,-10.0631,
4563.11,-0.166333,-3.50353,-10.0636,
4571.9,-0.214925,-3.56962,-10.0633,
4580.56,-0.278389,-3.66459,-10.0624,
4587.97,-0.32112,-3.74775,-10.0604,
4594.72,-0.376684,-3.86687,-10.057,
4602.03,-0.414032,-3.97784,-10.0524,
4610.45,-0.467801,-4.145,-10.0447,
4619.05,-0.503581,-4.28269,-10.0379,
4627.24,-0.525397,-4.38883,-10.0326,
4632.96,-0.564513,-4.567,-10.0233,
4638.43,-0.58634,-4.69878,-10.0162,
4644.79,-0.604159,-4.80263,-10.011,
4651.25,-0.627837,-4.98471,-10.002,
4657.18,-0.638723,-5.12576,-9.99501,
4663.28,-0.651283,-5.265,-9.98792,
4670.3,-0.65848,-5.39324,-9.98177,
4676.65,-0.663393,-5.5232,-9.97616,
4684.03,-0.665254,-5.68968,-9.96908,
4690.23,-0.664286,-5.84151,-9.96325,
4696.6,-0.656924,-5.95738,-9.96038,
4703.04,-0.645956,-6.08289,-9.95688,
4709.16,-0.6284,-6.23987,-9.95368,
4715.67,-0.611912,-6.3521,-9.95284,
4722.27,-0.597958,-6.46507,-9.95284,
4727.94,-0.589645,-6.60298,-9.95369,
4734.91,-0.593752,-6.68988,-9.95433,
4741.19,-0.615115,-6.77992,-9.95617,
4747.45,-0.644764,-6.86377,-9.95564,
4754.04,-0.694641,-6.94666,-9.95439,
4760.34,-0.758502,-7.01966,-9.95226,
4766.77,-0.822464,-7.08213,-9.95038,
4772.93,-0.891801,-7.13224,-9.95042,
4779.34,-0.995039,-7.19973,-9.95066,
4785.76,-1.07297,-7.24109,-9.95189,
4792.32,-1.16978,-7.27983,-9.95254,
4798.72,-1.29193,-7.31987,-9.95183,
4804.99,-1.40587,-7.34796,-9.95193,
4811.72,-1.49816,-7.36483,-9.9526,
4818.03,-1.60706,-7.37989,-9.95407,
4824.85,-1.71477,-7.39085,-9.95672,
4831.3,-1.81781,-7.39822,-9.95967,
4837.98,-1.91744,-7.40303,-9.96194,
4844.3,-2.02072,-7.40525,-9.96505,
4850.97,-2.10917,-7.4019,-9.96791,
4857.49,-2.19587,-7.39957,-9.97108,
4863.56,-2.28993,-7.39638,-9.97471,
4870.63,-2.38337,-7.39006,-9.97813,
4876.82,-2.49676,-7.38278,-9.98178,
4883.05,-2.61257,-7.37611,-9.9855,
4889.72,-2.69732,-7.36769,-9.98989,
4896.42,-2.79595,-7.35921,-9.99639,
4902.5,-2.86977,-7.34891,-10.001,
4908.86,-2.93967,-7.3399,-10.006,
4915.62,-3.02787,-7.32601,-10.0119,
4922.05,-3.11862,-7.31874,-10.0206,
4928.23,-3.20701,-7.30973,-10.0272,
4934.4,-3.34896,-7.29292,-10.0334,
4941.22,-3.44161,-7.28772,-10.0355,
4947.64,-3.55926,-7.27882,-10.037,
4954.08,-3.68427,-7.2729,-10.0373,
4960.32,-3.83891,-7.26777,-10.0361,
4966.81,-3.96553,-7.26859,-10.036,
4973.68,-4.09714,-7.2658,-10.0372,
4979.97,-4.26551,-7.2548,-10.0397,
4986.28,-4.41087,-7.25158,-10.0416,
4992.97,-4.57213,-7.24404,-10.043,
4999.49,-4.71547,-7.24601,-10.0453,
5005.78,-4.85384,-7.24419,-10.0476,
5012.56,-5.00721,-7.24767,-10.0496,
5019.03,-5.13566,-7.24597,-10.0502,
5025.65,-5.2631,-7.24745,-10.0508,
5032.05,-5.39034,-7.24942,-10.0524,
5038.32,-5.52961,-7.25481,-10.0551,
5044.74,-5.59846,-7.25728,-10.0568,
5051.35,-5.69742,-7.26127,-10.0595,
5057.71,-5.83568,-7.26884,-10.0645,
5064.37,-5.93378,-7.2673,-10.0684,
5070.79,-6.04147,-7.27291,-10.0723,
5077.46,-6.12768,-7.27148,-10.0737,
5083.89,-6.21929,-7.27244,-10.0752,
5089.81,-6.2641,-7.27359,-10.0774,
5096.74,-6.30135,-7.27598,-10.0808,
5103.27,-6.32226,-7.27979,-10.0841,
5109.63,-6.32274,-7.27978,-10.085,
5116.02,-6.29841,-7.27964,-10.0817,
5122.02,-6.25146,-7.27301,-10.0758,
5128.84,-6.19315,-7.2742,-10.0715,
5135.18,-6.12806,-7.27085,-10.0665,
5141.48,-6.01399,-7.27342,-10.0585,
5148.19,-5.92041,-7.2716,-10.0493,
5154.78,-5.80776,-7.27378,-10.0388,
5161,-5.69814,-7.27493,-10.0265,
5168,-5.53386,-7.27511,-10.0109,
5174.41,-5.43635,-7.27531,-10.0016,
5181.07,-5.29461,-7.26198,-9.9878,
5187.36,-5.20177,-7.25901,-9.98085,
5193.68,-5.084,-7.25388,-9.97137,
5200.52,-4.90907,-7.25463,-9.95253,
5206.91,-4.75447,-7.24476,-9.93979,
5213.51,-4.66072,-7.22933,-9.93388,
5220.16,-4.56406,-7.21926,-9.92782,
5226.24,-4.4479,-7.21623,-9.92219,
5232.26,-4.32055,-7.21552,-9.91956,
5238.89,-4.20504,-7.21889,-9.91747,
5248.19,-4.07672,-7.22135,-9.91638,
5255.54,-3.96399,-7.22287,-9.91735,
5261.33,-3.892,-7.22109,-9.91883,
5269.57,-3.79491,-7.22478,-9.92277,
5276.39,-3.69881,-7.2257,-9.93036,
5284.5,-3.61968,-7.24365,-9.93887,
5293.49,-3.58021,-7.24744,-9.9494,
5302.34,-3.54893,-7.26952,-9.9605,
5309.17,-3.55354,-7.27515,-9.96544,
5318.91,-3.59386,-7.27136,-9.97243,
5325.89,-3.63107,-7.27824,-9.97749,
5332.32,-3.66659,-7.28941,-9.98148,
5339.32,-3.71748,-7.30454,-9.98567,
5345.26,-3.78898,-7.32515,-9.99099,
5351.58,-3.84622,-7.33006,-9.99425,
5358.09,-3.90841,-7.34752,-9.99759,
5364.82,-3.98859,-7.37183,-10.0013,
5371.15,-4.06963,-7.40564,-10.0051,
5378.15,-4.15557,-7.42926,-10.0073,
5384.7,-4.21796,-7.45312,-10.0085,
5392.2,-4.33621,-7.49479,-10.0108,
5401.57,-4.44326,-7.50891,-10.0117,
5408.98,-4.56851,-7.54315,-10.0128,
5415.89,-4.66883,-7.5579,-10.0127,
5422.37,-4.77481,-7.57831,-10.0119,
5431.46,-4.90083,-7.59176,-10.0111,
5441.01,-5.00499,-7.61057,-10.0106,
5449.27,-5.10126,-7.62025,-10.0093,
5455.47,-5.18974,-7.625,-10.0051,
5462.02,-5.2895,-7.62683,-10.0014,
5469.33,-5.38487,-7.62364,-9.99884,
5477.65,-5.48211,-7.62143,-9.98962,
5485.31,-5.54806,-7.6188,-9.98444,
5490.85,-5.63392,-7.60677,-9.97918,
5497.63,-5.72536,-7.59622,-9.97546,
5507.18,-5.83274,-7.58133,-9.97354,
5515.48,-5.90195,-7.57207,-9.97431,
5524.97,-5.97898,-7.55501,-9.97583,
5534.32,-6.05229,-7.54022,-9.97828,
5541.88,-6.12507,-7.52533,-9.98237,
5548.5,-6.20738,-7.49406,-9.98733,
5555.51,-6.2694,-7.47146,-9.99176,
5562.71,-6.34276,-7.44484,-9.99314,
5570.15,-6.40745,-7.41958,-9.99377,
5579.62,-6.4624,-7.39139,-9.99482,
5588.89,-6.50004,-7.37213,-9.99744,
5597.73,-6.52699,-7.35292,-10.0025,
5606.25,-6.54051,-7.33212,-10.009,
5614.69,-6.53633,-7.31258,-10.0136,
5623.45,-6.51409,-7.28584,-10.017,
5629.58,-6.45947,-7.24828,-10.0188,
5635.69,-6.40458,-7.21958,-10.0203,
5642.48,-6.33507,-7.19103,-10.0213,
5649.73,-6.26524,-7.16549,-10.0224,
5656.5,-6.17815,-7.13826,-10.0184,
5665.07,-6.08359,-7.11058,-10.0142,
5672.94,-5.94731,-7.0761,-10.0088,
5681.46,-5.88271,-7.05865,-10.0065,
5690.25,-5.7597,-7.02744,-10.0004,
5698.53,-5.64139,-6.99839,-9.99449,
5708.09,-5.47515,-6.96014,-9.98716,
5715.69,-5.34724,-6.93304,-9.9828,
5722.25,-5.21349,-6.90523,-9.97842,
5728.78,-5.07125,-6.88093,-9.97351,
5735.35,-4.90402,-6.8527,-9.96914,
5741.86,-4.77366,-6.83468,-9.96729,
5748.58,-4.64156,-6.81549,-9.96675,
5754.89,-4.49694,-6.78777,-9.96822,
5761.06,-4.3832,-6.77365,-9.9699,
5767.93,-4.25032,-6.75416,-9.97186,
5774.44,-4.13654,-6.74746,-9.97311,
5781.17,-4.02009,-6.73571,-9.97481,
5787.99,-3.9278,-6.7304,-9.97627,
5794.76,-3.8502,-6.72782,-9.97843,
5801.59,-3.77545,-6.72732,-9.9791,
5808.15,-3.737,-6.72623,-9.98396,
5814.64,-3.72593,-6.73024,-9.98756,
5821.21,-3.72478,-6.74272,-9.98893,
5828.28,-3.74354,-6.75677,-9.99055,
5834.51,-3.78181,-6.76927,-9.99212,
5841.24,-3.84981,-6.7793,-9.9943,
5848.03,-3.9117,-6.7931,-9.99565,
5854.65,-3.99198,-6.81553,-9.99672,
5860.89,-4.07028,-6.83995,-9.99692,
5867.31,-4.15442,-6.86193,-9.99718,
5874.09,-4.27048,-6.89334,-9.99723,
5881.14,-4.38916,-6.92297,-9.9965,
5888.68,-4.48867,-6.95546,-9.99614,
5895.35,-4.5942,-6.98276,-9.99546,
5902.06,-4.70301,-7.01178,-9.99515,
5908.63,-4.83281,-7.04123,-9.99512,
5915.24,-4.92691,-7.06762,-9.99514,
5921.81,-5.06684,-7.09993,-9.99577,
5928.59,-5.17541,-7.12899,-9.99716,
5934.74,-5.30205,-7.1573,-9.99977,
5941.37,-5.40056,-7.16791,-10.0029,
5948.14,-5.49561,-7.1765,-10.0063,
5955,-5.55528,-7.18723,-10.0084,
5963.86,-5.653,-7.20958,-10.0118,
5972.77,-5.74395,-7.22584,-10.0146,
5980.98,-5.81921,-7.23124,-10.0173,
5987.32,-5.90152,-7.23939,-10.021,
5994.15,-6.00374,-7.25233,-10.025,
6000.6,-6.08673,-7.2638,-10.0284,
6006.89,-6.17673,-7.27265,-10.0341,
6012.92,-6.25302,-7.27822,-10.0404,
6021.65,-6.31552,-7.2664,-10.0454,
6029.74,-6.379,-7.24664,-10.0511,
6039,-6.464,-7.1906,-10.0559,
6047.83,-6.51924,-7.12737,-10.0573,
6056.01,-6.57998,-7.04956,-10.0549,
6063.19,-6.62923,-6.95872,-10.0529,
6071.35,-6.68029,-6.85324,-10.0495,
6078.53,-6.72456,-6.73906,-10.047,
6084.68,-6.7767,-6.58025,-10.0454,
6090.56,-6.81013,-6.47381,-10.0449,
6096.56,-6.84905,-6.34836,-10.0447,
6103.39,-6.8836,-6.22775,-10.0437,
6111.32,-6.92958,-6.06989,-10.0436,
6119.83,-6.96087,-5.95082,-10.0437,
6127.93,-6.99416,-5.82538,-10.044,
6134.98,-7.02155,-5.69736,-10.0435,
6140.53,-7.04611,-5.57387,-10.0425,
6149.44,-7.06764,-5.45088,-10.0412,
6158.09,-7.08013,-5.3711,-10.0405,
6166.77,-7.09775,-5.25111,-10.0386,
6174.04,-7.11379,-5.14224,-10.0371,
6179.76,-7.12766,-5.03197,-10.0353,
6185.65,-7.14371,-4.90241,-10.0317,
6191.35,-7.15337,-4.8166,-10.0287,
6197.29,-7.16103,-4.72616,-10.0262,
6205.78,-7.16642,-4.63698,-10.0244,
6214,-7.16959,-4.54801,-10.0226,
6220.75,-7.17115,-4.46139,-10.021,
6226.36,-7.16972,-4.35134,-10.0175,
6232.47,-7.16762,-4.29442,-10.0156,
6238.37,-7.16142,-4.20105,-10.0132,
6245.17,-7.15499,-4.13151,-10.0112,
6252.14,-7.14891,-4.05849,-10.0099,
6260.17,-7.14087,-3.99523,-10.009,
6268.14,-7.13478,-3.93907,-10.0083,
6274.17,-7.13329,-3.87678,-10.0088,
6280.09,-7.14668,-3.82956,-10.0108,
6286.68,-7.18173,-3.77438,-10.0121,
6292.62,-7.22924,-3.73028,-10.0113,
6298.68,-7.29389,-3.68848,-10.0071,
6306.49,-7.3499,-3.66262,-10.0035,
6313.86,-7.43208,-3.63291,-9.99969,
6319.89,-7.53835,-3.61631,-9.99463,
6325.71,-7.5992,-3.60727,-9.99232,
6331.98,-7.70336,-3.58271,-9.98818,
6337.95,-7.7936,-3.57062,-9.98476,
6344.51,-7.88638,-3.56668,-9.97982,
6353.29,-7.98836,-3.56768,-9.97478,
6361.16,-8.05384,-3.56319,-9.97257,
6367.66,-8.14424,-3.56748,-9.96914,
6374.08,-8.27876,-3.58155,-9.96628,
6379.88,-8.37558,-3.58199,-9.96484,
6388.05,-8.48158,-3.59147,-9.96346,
6396.8,-8.57926,-3.59789,-9.96291,
6404.76,-8.71379,-3.60591,-9.96274,
6413.55,-8.8107,-3.61883,-9.96253,
6421.56,-8.88706,-3.62328,-9.96304,
6429.45,-9.00317,-3.64327,-9.96365,
